--------------------------------------------------------
--  Fichier créé - lundi-octobre-14-2024   
--------------------------------------------------------
--------------------------------------------------------
--  DDL for View CONVOCATION_V
--------------------------------------------------------

  CREATE OR REPLACE FORCE EDITIONABLE VIEW "MEHDI"."CONVOCATION_V" ("ID_CONVOCATION", "ID_INSCRIPTION", "ID_MASTER", "ID_ETUDIANT", "CIN", "MASSAR", "NOM", "PRENOM", "SCORE") AS 
  SELECT conv.id_convocation, conv.ID_INSCRIPTION, id_master , id_etudiant , CIN , MASSAR,NOM,PRENOM,SCORE
from  convocation conv 
join LISTE_ATTENTE_ETUDIANT_V LTAE on LTAE.ID_INSCRIPTION=conv.ID_INSCRIPTION
;
--------------------------------------------------------
--  DDL for View ETUDIANT_INFO_INSERTION
--------------------------------------------------------

  CREATE OR REPLACE FORCE EDITIONABLE VIEW "MEHDI"."ETUDIANT_INFO_INSERTION" ("ID_ETUDIANT", "NOM", "PRENOM", "D_NAISS", "SEXE", "TELE", "EMAIL", "PASSWORD", "NATIONALITE", "CIN", "MASSAR", "D_LICENCE", "D_BAC", "FIL_BAC", "MOY_LICENCE", "MOY_BAC", "N_S1", "N_S2", "N_S3", "N_S4", "N_S5", "N_S6", "PHOTO", "ID_FIL_LICENCE", "ID_FACULTE", "D_PR_INSCRIPTION") AS 
  SELECT ID_ETUDIANT, NOM, PRENOM, D_NAISS, SEXE, TELE, EMAIL, PASSWORD, NATIONALITE, CIN, MASSAR, D_LICENCE, D_BAC, FIL_BAC, MOY_LICENCE, MOY_BAC, N_S1, N_S2,N_S3, N_S4, N_S5, N_S6, PHOTO, ID_FIL_LICENCE, ID_FACULTE,d_pr_inscription                                                                                                                                                                                                                                                                                                                                                                                                                                                                                                                                                                                                                                                                                                                                                                                                                                                                                                                                                                                                                                    
FROM ETUDIANT JOIN Info_academique USING(ID_ETUDIANT)
;
--------------------------------------------------------
--  DDL for View INFO_ACCADEMIQUE_V
--------------------------------------------------------

  CREATE OR REPLACE FORCE EDITIONABLE VIEW "MEHDI"."INFO_ACCADEMIQUE_V" ("D_GRADUATION", "D_BAC", "FIL_BAC", "MOY_LICENCE", "MOY_BAC", "N_S1", "N_S2", "N_S3", "N_S4", "N_S5", "N_S6", "PHOTO", "ID_FIL_LICENCE", "ID_ETUDIANT", "ID_FACULTE") AS 
  select D_LICENCE, d_bac, fil_bac, moy_licence, moy_bac, n_s1, n_s2, n_s3, n_s4,n_s5, n_s6, photo,id_fil_licence, id_etudiant, id_faculte from info_academique
;
--------------------------------------------------------
--  DDL for View INSCRIPTION_ETUDIANT_MASTER_V
--------------------------------------------------------

  CREATE OR REPLACE FORCE EDITIONABLE VIEW "MEHDI"."INSCRIPTION_ETUDIANT_MASTER_V" ("ID_INSCRIPTION", "ID_MASTER", "ID_ETUDIANT", "CIN", "MASSAR", "NOM", "PRENOM") AS 
  SELECT ID_INSCRIPTION,id_master,etd.id_etudiant,etd.CIN,etd.MASSAR,etd.NOM,etd.PRENOM
from  INSCRIPTION insc 
join etudiant etd on etd.ID_ETUDIANT=insc.id_etudiant
;
--------------------------------------------------------
--  DDL for View INSCRIPTION_V
--------------------------------------------------------

  CREATE OR REPLACE FORCE EDITIONABLE VIEW "MEHDI"."INSCRIPTION_V" ("ID_MASTER", "ID_ETUDIANT") AS 
  SELECT id_master, id_Etudiant from inscription
;
--------------------------------------------------------
--  DDL for View LISTE_ATTENTE_ETUDIANT_V
--------------------------------------------------------

  CREATE OR REPLACE FORCE EDITIONABLE VIEW "MEHDI"."LISTE_ATTENTE_ETUDIANT_V" ("ID_LA", "ID_INSCRIPTION", "ID_MASTER", "ID_ETUDIANT", "CIN", "MASSAR", "NOM", "PRENOM", "SCORE") AS 
  SELECT LA.ID_LA,LA.ID_INSCRIPTION ,lP.id_master, id_etudiant , CIN , MASSAR,NOM,PRENOM,SCORE
from  LISTE_ATTENTE LA 
join LISTE_PRESELECTION_v lP on lP.ID_INSCRIPTION=LA.ID_INSCRIPTION
;
--------------------------------------------------------
--  DDL for View LISTE_FINALE_ETUDIANT_V
--------------------------------------------------------

  CREATE OR REPLACE FORCE EDITIONABLE VIEW "MEHDI"."LISTE_FINALE_ETUDIANT_V" ("ID_LF", "ID_INSCRIPTION", "ID_MASTER", "ID_ETUDIANT", "CIN", "MASSAR", "NOM", "PRENOM", "SCORE") AS 
  SELECT lf.ID_LF,lf.ID_INSCRIPTION, lP.id_master ,id_etudiant , CIN , MASSAR,NOM,PRENOM,SCORE
from  LISTE_FINALE lf 
join LISTE_PRESELECTION_v lP on lP.ID_INSCRIPTION=lf.ID_INSCRIPTION
;
--------------------------------------------------------
--  DDL for View LISTE_PRESELECTION_V
--------------------------------------------------------

  CREATE OR REPLACE FORCE EDITIONABLE VIEW "MEHDI"."LISTE_PRESELECTION_V" ("ID_PS", "ID_INSCRIPTION", "ID_MASTER", "ID_ETUDIANT", "CIN", "MASSAR", "NOM", "PRENOM", "SCORE") AS 
  SELECT pres.ID_PS, pres.ID_INSCRIPTION,IEMV.id_master , id_etudiant , CIN , MASSAR,NOM,PRENOM,SCORE
from  PRESELECTION pres 
join INSCRIPTION_ETUDIANT_MASTER_V IEMV on IEMV.ID_INSCRIPTION=pres.ID_INSCRIPTION
;
--------------------------------------------------------
--  DDL for View LISTE_REJECTED_V
--------------------------------------------------------

  CREATE OR REPLACE FORCE EDITIONABLE VIEW "MEHDI"."LISTE_REJECTED_V" ("ID_INSCRIPTION", "ID_MASTER", "ID_ETUDIANT", "CIN", "MASSAR", "NOM", "PRENOM") AS 
  SELECT rej.ID_INSCRIPTION,id_master, id_etudiant , CIN , MASSAR,NOM,PRENOM
from  rejected rej 
join INSCRIPTION_ETUDIANT_MASTER_V IEMV on IEMV.ID_INSCRIPTION=rej.ID_INSCRIPTION
;
--------------------------------------------------------
--  DDL for View LISTE_TMP_ATTENTE_ETUDIANT_V
--------------------------------------------------------

  CREATE OR REPLACE FORCE EDITIONABLE VIEW "MEHDI"."LISTE_TMP_ATTENTE_ETUDIANT_V" ("ID_LA", "ID_INSCRIPTION", "ID_MASTER", "ID_ETUDIANT", "CIN", "MASSAR", "NOM", "PRENOM", "SCORE") AS 
  SELECT LA.ID_LA,LA.ID_INSCRIPTION,LA.id_master , id_etudiant , CIN , MASSAR,NOM,PRENOM,SCORE
from  TMP_LISTE_ATTENTE LA 
join LISTE_TMP_PRESELECTION_V lP on lP.ID_INSCRIPTION=LA.ID_INSCRIPTION
;
--------------------------------------------------------
--  DDL for View LISTE_TMP_FINALE_ETUDIANT_V
--------------------------------------------------------

  CREATE OR REPLACE FORCE EDITIONABLE VIEW "MEHDI"."LISTE_TMP_FINALE_ETUDIANT_V" ("ID_LF", "ID_INSCRIPTION", "ID_MASTER", "ID_ETUDIANT", "CIN", "MASSAR", "NOM", "PRENOM", "SCORE") AS 
  SELECT lf.ID_LF,lf.ID_INSCRIPTION, lf.id_master ,id_etudiant , CIN , MASSAR,NOM,PRENOM,SCORE
from  TMP_LISTE_FINALE lf 
join LISTE_TMP_PRESELECTION_V lP on lP.ID_INSCRIPTION=lf.ID_INSCRIPTION
;
--------------------------------------------------------
--  DDL for View LISTE_TMP_PRESELECTION_V
--------------------------------------------------------

  CREATE OR REPLACE FORCE EDITIONABLE VIEW "MEHDI"."LISTE_TMP_PRESELECTION_V" ("ID_PS", "ID_INSCRIPTION", "ID_MASTER", "ID_ETUDIANT", "CIN", "MASSAR", "NOM", "PRENOM", "SCORE") AS 
  SELECT pres.ID_PS, pres.ID_INSCRIPTION,pres.id_master , id_etudiant , CIN , MASSAR,NOM,PRENOM,SCORE
from  TMP_PRESELECTION pres 
join INSCRIPTION_ETUDIANT_MASTER_V IEMV on IEMV.ID_INSCRIPTION=pres.ID_INSCRIPTION
;
--------------------------------------------------------
--  DDL for View MASTER_CARD_V
--------------------------------------------------------

  CREATE OR REPLACE FORCE EDITIONABLE VIEW "MEHDI"."MASTER_CARD_V" ("ID_MASTER", "SPECIALITE", "NOM_COORDINATEUR", "D_DEBUT_INSCRIPTION", "D_FIN_INSCRIPTION", "D_AFF_PRESELECTION", "D_CONCOURS", "D_AFF_RESULTAT_CONCOURS", "ID_RESPONSABLE", "ID_FACULTE", "NOM_FAC", "SURNOM_FAC", "LOGO_FAC", "ID_UNIVERSITE", "NOM_UNI", "VILLE", "SURNOM_UNI", "WEB_SITE", "LOGO_UNI", "CONDITION", "DOCS_STRING") AS 
  SELECT                                                                                                                                                                                                                                                                                                                                                                                                                                                                                                                                                                                                                                                                                                                                                                                                                                                                                                                                                                                                                                
    m.id_master,                                                                                                                                                                                                                                                                                                                                                                                                                                                                                                                                                                                                                                                                                                                                                                                                                                                                                                                                                                                                                        
    SPECIALITE,                                                                                                                                                                                                                                                                                                                                                                                                                                                                                                                                                                                                                                                                                                                                                                                                                                                                                                                                                                                                                         
    m.nom_coordinateur,                                                                                                                                                                                                                                                                                                                                                                                                                                                                                                                                                                                                                                                                                                                                                                                                                                                                                                                                                                                                                 
    to_char(D_DEBUT_INSCRIPTION,'YYYY-MM-DD') as D_DEBUT_INSCRIPTION,                                                                                                                                                                                                                                                                                                                                                                                                                                                                                                                                                                                                                                                                                                                                                                                                                                                                                                                                                                   
    to_char(D_FIN_INSCRIPTION,'YYYY-MM-DD') as D_FIN_INSCRIPTION ,                                                                                                                                                                                                                                                                                                                                                                                                                                                                                                                                                                                                                                                                                                                                                                                                                                                                                                                                                                      
    to_char(D_AFF_PRESELECTION ,'YYYY-MM-DD')as D_AFF_PRESELECTION ,                                                                                                                                                                                                                                                                                                                                                                                                                                                                                                                                                                                                                                                                                                                                                                                                                                                                                                                                                                    
    to_char(D_CONCOURS ,'YYYY-MM-DD')as D_CONCOURS ,                                                                                                                                                                                                                                                                                                                                                                                                                                                                                                                                                                                                                                                                                                                                                                                                                                                                                                                                                                                    
    to_char(D_AFF_RESULTAT_CONCOURS ,'YYYY-MM-DD')as D_AFF_RESULTAT_CONCOURS ,                                                                                                                                                                                                                                                                                                                                                                                                                                                                                                                                                                                                                                                                                                                                                                                                                                                                                                                                                          
    respo.ID_RESPONSABLE,                                                                                                                                                                                                                                                                                                                                                                                                                                                                                                                                                                                                                                                                                                                                                                                                                                                                                                                                                                                                               
    fac.ID_FACULTE,                                                                                                                                                                                                                                                                                                                                                                                                                                                                                                                                                                                                                                                                                                                                                                                                                                                                                                                                                                                                                     
    NOM_FAC,                                                                                                                                                                                                                                                                                                                                                                                                                                                                                                                                                                                                                                                                                                                                                                                                                                                                                                                                                                                                                            
    SURNOM_FAC,                                                                                                                                                                                                                                                                                                                                                                                                                                                                                                                                                                                                                                                                                                                                                                                                                                                                                                                                                                                                                         
    LOGO_FAC,                                                                                                                                                                                                                                                                                                                                                                                                                                                                                                                                                                                                                                                                                                                                                                                                                                                                                                                                                                                                                           
    uni.ID_UNIVERSITE,                                                                                                                                                                                                                                                                                                                                                                                                                                                                                                                                                                                                                                                                                                                                                                                                                                                                                                                                                                                                                  
    NOM_UNI,                                                                                                                                                                                                                                                                                                                                                                                                                                                                                                                                                                                                                                                                                                                                                                                                                                                                                                                                                                                                                            
    VILLE,                                                                                                                                                                                                                                                                                                                                                                                                                                                                                                                                                                                                                                                                                                                                                                                                                                                                                                                                                                                                                              
    SURNOM_UNI,                                                                                                                                                                                                                                                                                                                                                                                                                                                                                                                                                                                                                                                                                                                                                                                                                                                                                                                                                                                                                         
    WEB_SITE,                                                                                                                                                                                                                                                                                                                                                                                                                                                                                                                                                                                                                                                                                                                                                                                                                                                                                                                                                                                                                           
    LOGO_UNI ,
    m.condition,
    m.DOCS_STRING
FROM MASTER m                                                                                                                                                                                                                                                                                                                                                                                                                                                                                                                                                                                                                                                                                                                                                                                                                                                                                                                                                                                                                           
join responsable respo  on respo.ID_RESPONSABLE=m.ID_RESPONSABLE                                                                                                                                                                                                                                                                                                                                                                                                                                                                                                                                                                                                                                                                                                                                                                                                                                                                                                                                                                        
join faculte fac  on respo.ID_FACULTE=fac.ID_FACULTE                                                                                                                                                                                                                                                                                                                                                                                                                                                                                                                                                                                                                                                                                                                                                                                                                                                                                                                                                                                    
join universite uni on uni.ID_UNIVERSITE=fac.id_universite
;
--------------------------------------------------------
--  DDL for View MASTER_CONDITION_V
--------------------------------------------------------

  CREATE OR REPLACE FORCE EDITIONABLE VIEW "MEHDI"."MASTER_CONDITION_V" ("ID_MASTER", "SPECIALITE", "NOM_COORDINATEUR", "D_DEBUT_INSCRIPTION", "D_FIN_INSCRIPTION", "D_AFF_PRESELECTION", "D_CONCOURS", "D_AFF_RESULTAT_CONCOURS", "LIEU_CONCOURS", "INFORMATION", "ID_RESPONSABLE", "ID_CONDITION", "MAX_AGE", "MAX_ANNEE_ETUDE", "NOTE_MIN_SEMESTRE", "NOTE_SEUIL", "CONDITION", "DOCS_STRING") AS 
  SELECT
    m.id_master,
    SPECIALITE,
    NOM_COORDINATEUR,
    to_char(D_DEBUT_INSCRIPTION,'YYYY-MM-DD') as D_DEBUT_INSCRIPTION,                                                                                                                                                                                                                                                                                                                                                                                                                                                                                                                                                                                                                                                                                                                                                                                                                                                                                                                                                                   
    to_char(D_FIN_INSCRIPTION,'YYYY-MM-DD') as D_FIN_INSCRIPTION ,                                                                                                                                                                                                                                                                                                                                                                                                                                                                                                                                                                                                                                                                                                                                                                                                                                                                                                                                                                      
    to_char(D_AFF_PRESELECTION ,'YYYY-MM-DD')as D_AFF_PRESELECTION ,                                                                                                                                                                                                                                                                                                                                                                                                                                                                                                                                                                                                                                                                                                                                                                                                                                                                                                                                                                    
    to_char(D_CONCOURS ,'YYYY-MM-DD')as D_CONCOURS ,                                                                                                                                                                                                                                                                                                                                                                                                                                                                                                                                                                                                                                                                                                                                                                                                                                                                                                                                                                                    
    to_char(D_AFF_RESULTAT_CONCOURS ,'YYYY-MM-DD')as D_AFF_RESULTAT_CONCOURS ,
    LIEU_CONCOURS,
    INFORMATION,
    ID_RESPONSABLE,
    --condition
    c.id_condition,
    MAX_AGE,
    MAX_ANNEE_ETUDE,
    NOTE_MIN_SEMESTRE,
    NOTE_SEUIL,
    CONDITION,
    DOCS_STRING
FROM MASTER m
join CONDITION c on c.id_condition=m.id_condition
;
--------------------------------------------------------
--  DDL for View MASTER_FILIER_ADMET_V
--------------------------------------------------------

  CREATE OR REPLACE FORCE EDITIONABLE VIEW "MEHDI"."MASTER_FILIER_ADMET_V" ("ID_MASTER", "ID_FIL_LICENCE", "NOM_FIL", "SURNOM_FIL") AS 
  select 
id_master,
FAM.ID_FIL_LICENCE,
fil.nom_fil,
fil.surnom_fil
from filiere_admet_master fam
JOIN Filiere_LICENCE fil on fil.ID_FIL_LICENCE=fam.ID_FIL_LICENCE
;
--------------------------------------------------------
--  DDL for View PRESELECTION_ETUDIANT_MASTER_V
--------------------------------------------------------

  CREATE OR REPLACE FORCE EDITIONABLE VIEW "MEHDI"."PRESELECTION_ETUDIANT_MASTER_V" ("ID_PS", "ID_MASTER", "ID_ETUDIANT", "ID_INSCRIPTION", "CIN", "MASSAR", "NOM", "PRENOM", "SCORE") AS 
  SELECT pres.ID_PS, id_master , id_etudiant,pres.id_inscription , CIN , MASSAR,NOM,PRENOM,SCORE
from  PRESELECTION pres 
join INSCRIPTION_ETUDIANT_MASTER_V IEMV on IEMV.ID_INSCRIPTION=pres.ID_INSCRIPTION
;
--------------------------------------------------------
--  DDL for View PROFILE
--------------------------------------------------------

  CREATE OR REPLACE FORCE EDITIONABLE VIEW "MEHDI"."PROFILE" ("ID_ETUDIANT", "NOM", "PRENOM", "D_NAISS", "SEXE", "TELE", "EMAIL", "PASSWORD", "NATIONALITE", "CIN", "MASSAR", "D_LICENCE", "D_BAC", "FIL_BAC", "MOY_LICENCE", "MOY_BAC", "N_S1", "N_S2", "N_S3", "N_S4", "N_S5", "N_S6", "PHOTO", "NOM_FIL", "NOM_FAC", "D_PR_INSCRIPTION") AS 
  SELECT e.ID_ETUDIANT,                                                                                                                                                                                                                                                                                                                                                                                                                                                                                                                                                                                                                                                                                                                                                                                                                                                                                                                                                                                                                 
       e.NOM,                                                                                                                                                                                                                                                                                                                                                                                                                                                                                                                                                                                                                                                                                                                                                                                                                                                                                                                                                                                                                           
       e.PRENOM,                                                                                                                                                                                                                                                                                                                                                                                                                                                                                                                                                                                                                                                                                                                                                                                                                                                                                                                                                                                                                        
       to_char(e.D_NAISS, 'YYYY-MM-DD') D_NAISS,                                                                                                                                                                                                                                                                                                                                                                                                                                                                                                                                                                                                                                                                                                                                                                                                                                                                                                                                                                                        
       e.SEXE,                                                                                                                                                                                                                                                                                                                                                                                                                                                                                                                                                                                                                                                                                                                                                                                                                                                                                                                                                                                                                          
       e.TELE,                                                                                                                                                                                                                                                                                                                                                                                                                                                                                                                                                                                                                                                                                                                                                                                                                                                                                                                                                                                                                          
       e.EMAIL,                                                                                                                                                                                                                                                                                                                                                                                                                                                                                                                                                                                                                                                                                                                                                                                                                                                                                                                                                                                                                         
       e.PASSWORD,                                                                                                                                                                                                                                                                                                                                                                                                                                                                                                                                                                                                                                                                                                                                                                                                                                                                                                                                                                                                                      
       e.NATIONALITE,                                                                                                                                                                                                                                                                                                                                                                                                                                                                                                                                                                                                                                                                                                                                                                                                                                                                                                                                                                                                                   
       e.CIN,                                                                                                                                                                                                                                                                                                                                                                                                                                                                                                                                                                                                                                                                                                                                                                                                                                                                                                                                                                                                                           
       e.MASSAR,                                                                                                                                                                                                                                                                                                                                                                                                                                                                                                                                                                                                                                                                                                                                                                                                                                                                                                                                                                                                                        
       to_char(ia.D_LICENCE, 'YYYY-MM-DD') D_LICENCE,                                                                                                                                                                                                                                                                                                                                                                                                                                                                                                                                                                                                                                                                                                                                                                                                                                                                                                                                                                                   
       to_char(ia.D_BAC, 'YYYY-MM-DD') D_BAC,                                                                                                                                                                                                                                                                                                                                                                                                                                                                                                                                                                                                                                                                                                                                                                                                                                                                                                                                                                                           
       ia.FIL_BAC,                                                                                                                                                                                                                                                                                                                                                                                                                                                                                                                                                                                                                                                                                                                                                                                                                                                                                                                                                                                                                      
       ia.MOY_LICENCE,                                                                                                                                                                                                                                                                                                                                                                                                                                                                                                                                                                                                                                                                                                                                                                                                                                                                                                                                                                                                                  
       ia.MOY_BAC,                                                                                                                                                                                                                                                                                                                                                                                                                                                                                                                                                                                                                                                                                                                                                                                                                                                                                                                                                                                                                      
       ia.N_S1,                                                                                                                                                                                                                                                                                                                                                                                                                                                                                                                                                                                                                                                                                                                                                                                                                                                                                                                                                                                                                         
       ia.N_S2,                                                                                                                                                                                                                                                                                                                                                                                                                                                                                                                                                                                                                                                                                                                                                                                                                                                                                                                                                                                                                         
       ia.N_S3,                                                                                                                                                                                                                                                                                                                                                                                                                                                                                                                                                                                                                                                                                                                                                                                                                                                                                                                                                                                                                         
       ia.N_S4,                                                                                                                                                                                                                                                                                                                                                                                                                                                                                                                                                                                                                                                                                                                                                                                                                                                                                                                                                                                                                         
       ia.N_S5,                                                                                                                                                                                                                                                                                                                                                                                                                                                                                                                                                                                                                                                                                                                                                                                                                                                                                                                                                                                                                         
       ia.N_S6,                                                                                                                                                                                                                                                                                                                                                                                                                                                                                                                                                                                                                                                                                                                                                                                                                                                                                                                                                                                                                      
       ia.PHOTO,                                                                                                                                                                                                                                                                                                                                                                                                                                                                                                                                                                                                                                                                                                                                                                                                                                                                                                                                                                                                                        
       fl.NOM_FIL,                                                                                                                                                                                                                                                                                                                                                                                                                                                                                                                                                                                                                                                                                                                                                                                                                                                                                                                                                                                                                      
       f.NOM_FAC,                                                                                                                                                                                                                                                                                                                                                                                                                                                                                                                                                                                                                                                                                                                                                                                                                                                                                                                                                                                                                       
       to_char(ia.d_pr_inscription, 'YYYY-MM-DD') d_pr_inscription                                                                                                                                                                                                                                                                                                                                                                                                                                                                                                                                                                                                                                                                                                                                                                                                                                                                                                                                                                      
FROM Etudiant e                                                                                                                                                                                                                                                                                                                                                                                                                                                                                                                                                                                                                                                                                                                                                                                                                                                                                                                                                                                                                         
JOIN Info_academique ia ON e.ID_ETUDIANT = ia.ID_ETUDIANT                                                                                                                                                                                                                                                                                                                                                                                                                                                                                                                                                                                                                                                                                                                                                                                                                                                                                                                                                                               
JOIN Faculte f ON ia.ID_FACULTE = f.ID_FACULTE                                                                                                                                                                                                                                                                                                                                                                                                                                                                                                                                                                                                                                                                                                                                                                                                                                                                                                                                                                                          
JOIN Filiere_LICENCE fl ON ia.ID_FIL_LICENCE = fl.ID_FIL_LICENCE
;
--------------------------------------------------------
--  DDL for View PUBLICATION_V
--------------------------------------------------------

  CREATE OR REPLACE FORCE EDITIONABLE VIEW "MEHDI"."PUBLICATION_V" ("ID_PUBLICATION", "ID_MASTER", "TYPE_PUB", "DATE_PUBLICATION", "TITRE", "SOUS_TITRE", "NOM_UNI", "NOM_FAC", "VILLE", "LOGO_UNI") AS 
  select id_publication,pub.id_master,type_pub,TO_CHAR(date_publication,'dd/mm/yyyy') as date_publication ,titre,sous_titre,NOM_UNI,NOM_FAC,VILLE,LOGO_UNI 
from publication pub 
join MASTER_CARD_V mcv on mcv.id_master = pub.id_master
;
--------------------------------------------------------
--  DDL for View RESPONSABLE_FACULTE_UNIVERSITE_V
--------------------------------------------------------

  CREATE OR REPLACE FORCE EDITIONABLE VIEW "MEHDI"."RESPONSABLE_FACULTE_UNIVERSITE_V" ("ID_RESPONSABLE", "EMAIL", "ID_FACULTE", "NOM_FAC", "SURNOM_FAC", "LOGO_FAC", "ID_UNIVERSITE", "NOM_UNI", "VILLE", "SURNOM_UNI", "WEB_SITE", "LOGO_UNI") AS 
  select                                                                                                                                                                                                                                                                                                                                                                                                                                                                                                                                                                                                                                                                                                                                                                                                                                                                                                                                                                                                                                
ID_RESPONSABLE,                                                                                                                                                                                                                                                                                                                                                                                                                                                                                                                                                                                                                                                                                                                                                                                                                                                                                                                                                                                                                         
EMAIL,                                                                                                                                                                                                                                                                                                                                                                                                                                                                                                                                                                                                                                                                                                                                                                                                                                                                                                                                                                                                                                  
fac.ID_FACULTE,                                                                                                                                                                                                                                                                                                                                                                                                                                                                                                                                                                                                                                                                                                                                                                                                                                                                                                                                                                                                                         
NOM_FAC,                                                                                                                                                                                                                                                                                                                                                                                                                                                                                                                                                                                                                                                                                                                                                                                                                                                                                                                                                                                                                                
SURNOM_FAC,                                                                                                                                                                                                                                                                                                                                                                                                                                                                                                                                                                                                                                                                                                                                                                                                                                                                                                                                                                                                                             
LOGO_FAC,                                                                                                                                                                                                                                                                                                                                                                                                                                                                                                                                                                                                                                                                                                                                                                                                                                                                                                                                                                                                                               
uni.ID_UNIVERSITE,                                                                                                                                                                                                                                                                                                                                                                                                                                                                                                                                                                                                                                                                                                                                                                                                                                                                                                                                                                                                                      
NOM_UNI,                                                                                                                                                                                                                                                                                                                                                                                                                                                                                                                                                                                                                                                                                                                                                                                                                                                                                                                                                                                                                                
VILLE,                                                                                                                                                                                                                                                                                                                                                                                                                                                                                                                                                                                                                                                                                                                                                                                                                                                                                                                                                                                                                                  
SURNOM_UNI,                                                                                                                                                                                                                                                                                                                                                                                                                                                                                                                                                                                                                                                                                                                                                                                                                                                                                                                                                                                                                             
WEB_SITE,                                                                                                                                                                                                                                                                                                                                                                                                                                                                                                                                                                                                                                                                                                                                                                                                                                                                                                                                                                                                                               
LOGO_UNI                                                                                                                                                                                                                                                                                                                                                                                                                                                                                                                                                                                                                                                                                                                                                                                                                                                                                                                                                                                                                                
from responsable RESPO                                                                                                                                                                                                                                                                                                                                                                                                                                                                                                                                                                                                                                                                                                                                                                                                                                                                                                                                                                                                                  
JOIN faculte fac on respo.ID_FACULTE=fac.ID_FACULTE                                                                                                                                                                                                                                                                                                                                                                                                                                                                                                                                                                                                                                                                                                                                                                                                                                                                                                                                                                                     
JOIN universite uni on fac.ID_UNIVERSITE=uni.ID_UNIVERSITE
;
--------------------------------------------------------
--  DDL for View TMP_CONVOCATION_V
--------------------------------------------------------

  CREATE OR REPLACE FORCE EDITIONABLE VIEW "MEHDI"."TMP_CONVOCATION_V" ("ID_CONVOCATION", "ID_INSCRIPTION", "ID_MASTER", "ID_ETUDIANT", "CIN", "MASSAR", "NOM", "PRENOM", "SCORE") AS 
  SELECT conv.id_convocation, conv.ID_INSCRIPTION, id_master , id_etudiant , CIN , MASSAR,NOM,PRENOM,SCORE
from  tmp_convocation conv 
join LISTE_ATTENTE_ETUDIANT_V LTAE on LTAE.ID_INSCRIPTION=conv.ID_INSCRIPTION
;
REM INSERTING into MEHDI.CONVOCATION_V
SET DEFINE OFF;
Insert into MEHDI.CONVOCATION_V (ID_CONVOCATION,ID_INSCRIPTION,ID_MASTER,ID_ETUDIANT,CIN,MASSAR,NOM,PRENOM,SCORE) values ('201','15','277','25','90123456o','901o23456','Clark','Olivia',null);
Insert into MEHDI.CONVOCATION_V (ID_CONVOCATION,ID_INSCRIPTION,ID_MASTER,ID_ETUDIANT,CIN,MASSAR,NOM,PRENOM,SCORE) values ('202','141','277','30','DV29315','M1365791','HAJIBA','RAIS',null);
Insert into MEHDI.CONVOCATION_V (ID_CONVOCATION,ID_INSCRIPTION,ID_MASTER,ID_ETUDIANT,CIN,MASSAR,NOM,PRENOM,SCORE) values ('204','161','277','33','DB15848','M123456','TAHA ','HAMMADATE ',null);
REM INSERTING into MEHDI.ETUDIANT_INFO_INSERTION
SET DEFINE OFF;
Insert into MEHDI.ETUDIANT_INFO_INSERTION (ID_ETUDIANT,NOM,PRENOM,D_NAISS,SEXE,TELE,EMAIL,PASSWORD,NATIONALITE,CIN,MASSAR,D_LICENCE,D_BAC,FIL_BAC,MOY_LICENCE,MOY_BAC,N_S1,N_S2,N_S3,N_S4,N_S5,N_S6,ID_FIL_LICENCE,ID_FACULTE,D_PR_INSCRIPTION) values ('30','HAJIBA','RAIS',to_date('04-07-69','DD-MM-YY'),'female','0615708193','Hjiba@gmail.com','$2a$10$p56EddIoklf47WjTsOaDueGqrqq/82d9t48xuOmSGevBKT6xzxcM6','marocain','DV29315','M1365791',to_date('31-07-24','DD-MM-YY'),to_date('02-08-24','DD-MM-YY'),'Physuc','10','12','19','12','10','13','15','17','2','1',to_date('19-07-24','DD-MM-YY'));
Insert into MEHDI.ETUDIANT_INFO_INSERTION (ID_ETUDIANT,NOM,PRENOM,D_NAISS,SEXE,TELE,EMAIL,PASSWORD,NATIONALITE,CIN,MASSAR,D_LICENCE,D_BAC,FIL_BAC,MOY_LICENCE,MOY_BAC,N_S1,N_S2,N_S3,N_S4,N_S5,N_S6,ID_FIL_LICENCE,ID_FACULTE,D_PR_INSCRIPTION) values ('31','MEHDI','HAMMIOU',to_date('20-07-24','DD-MM-YY'),'male','0615708193','Mehdi1@gmail.com','$2a$10$rmm8fpOExgiV3KkwnaELuuZEN.J4VqBNBj/cAEvlCvotSGtMx9KHi','algerien','DB27164','M136340564',to_date('23-07-24','DD-MM-YY'),to_date('26-07-24','DD-MM-YY'),'pc','19','19','19','19','19','19','19','19','1','1',to_date('13-07-24','DD-MM-YY'));
Insert into MEHDI.ETUDIANT_INFO_INSERTION (ID_ETUDIANT,NOM,PRENOM,D_NAISS,SEXE,TELE,EMAIL,PASSWORD,NATIONALITE,CIN,MASSAR,D_LICENCE,D_BAC,FIL_BAC,MOY_LICENCE,MOY_BAC,N_S1,N_S2,N_S3,N_S4,N_S5,N_S6,ID_FIL_LICENCE,ID_FACULTE,D_PR_INSCRIPTION) values ('33','TAHA ','HAMMADATE ',to_date('01-02-03','DD-MM-YY'),'male','0615708193','Taha@gmail.com','$2a$10$C58Bm62ysbP4sKuVr8oI2.5JY5uPyFvMfUaX14wxL9C1kpVE7aCIm','marocain','DB15848','M123456',to_date('10-08-24','DD-MM-YY'),to_date('09-07-24','DD-MM-YY'),'Phisycs','12','12','12','19','15','13','13','10','1','1',to_date('23-07-24','DD-MM-YY'));
Insert into MEHDI.ETUDIANT_INFO_INSERTION (ID_ETUDIANT,NOM,PRENOM,D_NAISS,SEXE,TELE,EMAIL,PASSWORD,NATIONALITE,CIN,MASSAR,D_LICENCE,D_BAC,FIL_BAC,MOY_LICENCE,MOY_BAC,N_S1,N_S2,N_S3,N_S4,N_S5,N_S6,ID_FIL_LICENCE,ID_FACULTE,D_PR_INSCRIPTION) values ('18','Johnson','Bob',to_date('03-03-92','DD-MM-YY'),'Male','234567890','bob.johnson@example.com','securePass789','Canadian','23456789b','234b56789',to_date('03-03-12','DD-MM-YY'),to_date('03-03-10','DD-MM-YY'),'Commerce','8,2','8,4','7,8','8,1','7,9','8,3','8','8,4','3','3',to_date('10-10-18','DD-MM-YY'));
Insert into MEHDI.ETUDIANT_INFO_INSERTION (ID_ETUDIANT,NOM,PRENOM,D_NAISS,SEXE,TELE,EMAIL,PASSWORD,NATIONALITE,CIN,MASSAR,D_LICENCE,D_BAC,FIL_BAC,MOY_LICENCE,MOY_BAC,N_S1,N_S2,N_S3,N_S4,N_S5,N_S6,ID_FIL_LICENCE,ID_FACULTE,D_PR_INSCRIPTION) values ('19','Williams','Carol',to_date('04-04-93','DD-MM-YY'),'Female','345678901','carol.williams@example.com','passCarol123','Australian','34567890c','345c67890',to_date('04-04-13','DD-MM-YY'),to_date('04-04-11','DD-MM-YY'),'Engineering','8,7','8,9','8,5','8,6','8,3','8,8','8,7','8,9','4','4',to_date('15-11-17','DD-MM-YY'));
Insert into MEHDI.ETUDIANT_INFO_INSERTION (ID_ETUDIANT,NOM,PRENOM,D_NAISS,SEXE,TELE,EMAIL,PASSWORD,NATIONALITE,CIN,MASSAR,D_LICENCE,D_BAC,FIL_BAC,MOY_LICENCE,MOY_BAC,N_S1,N_S2,N_S3,N_S4,N_S5,N_S6,ID_FIL_LICENCE,ID_FACULTE,D_PR_INSCRIPTION) values ('20','Brown','David',to_date('05-05-94','DD-MM-YY'),'Male','456789012','david.brown@example.com','davidPass456','New Zealander','45678901d','456d78901',to_date('05-05-14','DD-MM-YY'),to_date('05-05-12','DD-MM-YY'),'Medicine','9','8,6','8,2','8,9','8,5','8,8','9,1','9,2','5','5',to_date('20-08-16','DD-MM-YY'));
Insert into MEHDI.ETUDIANT_INFO_INSERTION (ID_ETUDIANT,NOM,PRENOM,D_NAISS,SEXE,TELE,EMAIL,PASSWORD,NATIONALITE,CIN,MASSAR,D_LICENCE,D_BAC,FIL_BAC,MOY_LICENCE,MOY_BAC,N_S1,N_S2,N_S3,N_S4,N_S5,N_S6,ID_FIL_LICENCE,ID_FACULTE,D_PR_INSCRIPTION) values ('21','Jones','Emma',to_date('06-06-95','DD-MM-YY'),'Female','567890123','emma.jones@example.com','emmaSecure123','Irish','56789012e','567e89012',to_date('06-06-15','DD-MM-YY'),to_date('06-06-13','DD-MM-YY'),'Law','8,4','8,7','8','8,3','8,1','8,6','8,4','8,8','6','6',to_date('25-07-15','DD-MM-YY'));
Insert into MEHDI.ETUDIANT_INFO_INSERTION (ID_ETUDIANT,NOM,PRENOM,D_NAISS,SEXE,TELE,EMAIL,PASSWORD,NATIONALITE,CIN,MASSAR,D_LICENCE,D_BAC,FIL_BAC,MOY_LICENCE,MOY_BAC,N_S1,N_S2,N_S3,N_S4,N_S5,N_S6,ID_FIL_LICENCE,ID_FACULTE,D_PR_INSCRIPTION) values ('22','Taylor','Michael',to_date('07-07-96','DD-MM-YY'),'Male','678901234','michael.taylor@example.com','michaelPass789','American','67890123m','678m90123',to_date('07-07-16','DD-MM-YY'),to_date('07-07-14','DD-MM-YY'),'Computer Science','9,1','8,8','8,7','8,9','9','8,8','9,2','9,1','7','7',to_date('01-01-19','DD-MM-YY'));
Insert into MEHDI.ETUDIANT_INFO_INSERTION (ID_ETUDIANT,NOM,PRENOM,D_NAISS,SEXE,TELE,EMAIL,PASSWORD,NATIONALITE,CIN,MASSAR,D_LICENCE,D_BAC,FIL_BAC,MOY_LICENCE,MOY_BAC,N_S1,N_S2,N_S3,N_S4,N_S5,N_S6,ID_FIL_LICENCE,ID_FACULTE,D_PR_INSCRIPTION) values ('23','Harris','Sophia',to_date('08-08-97','DD-MM-YY'),'Female','789012345','sophia.harris@example.com','sophiaSecure456','Canadian','78901234s','789s01234',to_date('08-08-17','DD-MM-YY'),to_date('08-08-15','DD-MM-YY'),'Mathematics','8,6','8,4','8,1','8,3','8,2','8,5','8,7','8,9','8','8',to_date('15-05-18','DD-MM-YY'));
Insert into MEHDI.ETUDIANT_INFO_INSERTION (ID_ETUDIANT,NOM,PRENOM,D_NAISS,SEXE,TELE,EMAIL,PASSWORD,NATIONALITE,CIN,MASSAR,D_LICENCE,D_BAC,FIL_BAC,MOY_LICENCE,MOY_BAC,N_S1,N_S2,N_S3,N_S4,N_S5,N_S6,ID_FIL_LICENCE,ID_FACULTE,D_PR_INSCRIPTION) values ('24','Martinez','James',to_date('09-09-98','DD-MM-YY'),'Male','890123456','james.martinez@example.com','jamesPass123','Mexican','89012345j','890j12345',to_date('09-09-18','DD-MM-YY'),to_date('09-09-16','DD-MM-YY'),'Physics','8,3','8,5','8','8,2','8,4','8,3','8,5','8,6','9','9',to_date('20-02-17','DD-MM-YY'));
Insert into MEHDI.ETUDIANT_INFO_INSERTION (ID_ETUDIANT,NOM,PRENOM,D_NAISS,SEXE,TELE,EMAIL,PASSWORD,NATIONALITE,CIN,MASSAR,D_LICENCE,D_BAC,FIL_BAC,MOY_LICENCE,MOY_BAC,N_S1,N_S2,N_S3,N_S4,N_S5,N_S6,ID_FIL_LICENCE,ID_FACULTE,D_PR_INSCRIPTION) values ('25','Clark','Olivia',to_date('10-10-99','DD-MM-YY'),'Female','901234567','midouhammioui@gmail.com','oliviaSecure789','Australian','90123456o','901o23456',to_date('10-10-19','DD-MM-YY'),to_date('10-10-17','DD-MM-YY'),'Chemistry','8,9','8,7','8,4','8,6','8,5','8,8','8,9','9','10','10',to_date('30-09-16','DD-MM-YY'));
Insert into MEHDI.ETUDIANT_INFO_INSERTION (ID_ETUDIANT,NOM,PRENOM,D_NAISS,SEXE,TELE,EMAIL,PASSWORD,NATIONALITE,CIN,MASSAR,D_LICENCE,D_BAC,FIL_BAC,MOY_LICENCE,MOY_BAC,N_S1,N_S2,N_S3,N_S4,N_S5,N_S6,ID_FIL_LICENCE,ID_FACULTE,D_PR_INSCRIPTION) values ('1','Doe','John',to_date('01-01-90','DD-MM-YY'),'Male','123456789','midouhamioui@gmail.com','password123','American','12345678s','123s45890',to_date('01-01-10','DD-MM-YY'),to_date('01-01-08','DD-MM-YY'),'Science','8,5','8,5','7,5','8,5','7,5','8,5','7,5','8,5','1','1',to_date('01-01-90','DD-MM-YY'));
Insert into MEHDI.ETUDIANT_INFO_INSERTION (ID_ETUDIANT,NOM,PRENOM,D_NAISS,SEXE,TELE,EMAIL,PASSWORD,NATIONALITE,CIN,MASSAR,D_LICENCE,D_BAC,FIL_BAC,MOY_LICENCE,MOY_BAC,N_S1,N_S2,N_S3,N_S4,N_S5,N_S6,ID_FIL_LICENCE,ID_FACULTE,D_PR_INSCRIPTION) values ('2','Smith','Alice',to_date('15-03-92','DD-MM-YY'),'Female','987654321','mosco@gmail.com','password123','Canadian','87654321C','54321678A',to_date('01-06-12','DD-MM-YY'),to_date('01-06-10','DD-MM-YY'),'Mathematics','7,8','8,2','7,7','8,1','7,6','8','7,5','8,3','2','3',to_date('15-03-92','DD-MM-YY'));
Insert into MEHDI.ETUDIANT_INFO_INSERTION (ID_ETUDIANT,NOM,PRENOM,D_NAISS,SEXE,TELE,EMAIL,PASSWORD,NATIONALITE,CIN,MASSAR,D_LICENCE,D_BAC,FIL_BAC,MOY_LICENCE,MOY_BAC,N_S1,N_S2,N_S3,N_S4,N_S5,N_S6,ID_FIL_LICENCE,ID_FACULTE,D_PR_INSCRIPTION) values ('3','Johnson','Robert',to_date('25-11-88','DD-MM-YY'),'Male','555666777','nightmaremaroc@gmail.com','securepass','British','76543210B','23456789B',to_date('20-05-09','DD-MM-YY'),to_date('20-05-07','DD-MM-YY'),'Engineering','9','8,7','8,9','8,8','8,7','8,6','8,5','8,4','3','4',to_date('25-11-88','DD-MM-YY'));
Insert into MEHDI.ETUDIANT_INFO_INSERTION (ID_ETUDIANT,NOM,PRENOM,D_NAISS,SEXE,TELE,EMAIL,PASSWORD,NATIONALITE,CIN,MASSAR,D_LICENCE,D_BAC,FIL_BAC,MOY_LICENCE,MOY_BAC,N_S1,N_S2,N_S3,N_S4,N_S5,N_S6,ID_FIL_LICENCE,ID_FACULTE,D_PR_INSCRIPTION) values ('4','Williams','Emma',to_date('14-07-95','DD-MM-YY'),'Female','444555666','e.hammioui@edu.umi.ac.ma','mypassword','Australian','56789012A','34567890A',to_date('25-08-14','DD-MM-YY'),to_date('25-08-12','DD-MM-YY'),'Literature','8,3','8,5','8,1','8,4','8,2','8,6','8','8,7','4','5',to_date('14-07-95','DD-MM-YY'));
Insert into MEHDI.ETUDIANT_INFO_INSERTION (ID_ETUDIANT,NOM,PRENOM,D_NAISS,SEXE,TELE,EMAIL,PASSWORD,NATIONALITE,CIN,MASSAR,D_LICENCE,D_BAC,FIL_BAC,MOY_LICENCE,MOY_BAC,N_S1,N_S2,N_S3,N_S4,N_S5,N_S6,ID_FIL_LICENCE,ID_FACULTE,D_PR_INSCRIPTION) values ('5','Brown','James',to_date('05-12-93','DD-MM-YY'),'Male','123123123','midouihammioui@gmail.com','pass1234','American','321654987C','12345678C',to_date('30-07-13','DD-MM-YY'),to_date('30-07-11','DD-MM-YY'),'Physics','8','8,1','8,2','8,3','8,4','8,5','8,6','8,7','5','6',to_date('05-12-93','DD-MM-YY'));
Insert into MEHDI.ETUDIANT_INFO_INSERTION (ID_ETUDIANT,NOM,PRENOM,D_NAISS,SEXE,TELE,EMAIL,PASSWORD,NATIONALITE,CIN,MASSAR,D_LICENCE,D_BAC,FIL_BAC,MOY_LICENCE,MOY_BAC,N_S1,N_S2,N_S3,N_S4,N_S5,N_S6,ID_FIL_LICENCE,ID_FACULTE,D_PR_INSCRIPTION) values ('6','Martinez','Sofia',to_date('22-04-91','DD-MM-YY'),'Female','111222333','sofia.martinez@example.com','password456','Mexican','987654321M','87654321M',to_date('15-05-11','DD-MM-YY'),to_date('15-05-09','DD-MM-YY'),'Chemistry','8,4','8,3','8,2','8,1','8','7,9','7,8','7,7','6','7',to_date('22-04-91','DD-MM-YY'));
Insert into MEHDI.ETUDIANT_INFO_INSERTION (ID_ETUDIANT,NOM,PRENOM,D_NAISS,SEXE,TELE,EMAIL,PASSWORD,NATIONALITE,CIN,MASSAR,D_LICENCE,D_BAC,FIL_BAC,MOY_LICENCE,MOY_BAC,N_S1,N_S2,N_S3,N_S4,N_S5,N_S6,ID_FIL_LICENCE,ID_FACULTE,D_PR_INSCRIPTION) values ('29','HAMMIOUI ','ELMEHDI',to_date('21-01-03','DD-MM-YY'),'male','0615708193','Med@gmail.com','$2a$10$h1g6LDkHo9BwSX6QwS950uggYd92U6jgmEn0cdwiWTyTwoh0xMZOO','marocain','DB29164','M136240564',to_date('24-07-24','DD-MM-YY'),to_date('21-07-24','DD-MM-YY'),'PC','12','12','12','12','12','12','12','12','4','1',to_date('15-07-24','DD-MM-YY'));
Insert into MEHDI.ETUDIANT_INFO_INSERTION (ID_ETUDIANT,NOM,PRENOM,D_NAISS,SEXE,TELE,EMAIL,PASSWORD,NATIONALITE,CIN,MASSAR,D_LICENCE,D_BAC,FIL_BAC,MOY_LICENCE,MOY_BAC,N_S1,N_S2,N_S3,N_S4,N_S5,N_S6,ID_FIL_LICENCE,ID_FACULTE,D_PR_INSCRIPTION) values ('34','HAMMADATE','THAA',to_date('07-02-04','DD-MM-YY'),'male','0612345678','adam123@GMAIL.COM','$2a$10$JbaEtX70RltTMHm64GJKzOZo0D5wyvEnFBQl99fyiUC.0D7zseFY6','marocain','DO123456','M135434567',to_date('15-04-24','DD-MM-YY'),to_date('07-12-18','DD-MM-YY'),'VF','14','13','15','16','17','16','16','16','1','4',to_date('02-06-20','DD-MM-YY'));
REM INSERTING into MEHDI.INFO_ACCADEMIQUE_V
SET DEFINE OFF;
Insert into MEHDI.INFO_ACCADEMIQUE_V (D_GRADUATION,D_BAC,FIL_BAC,MOY_LICENCE,MOY_BAC,N_S1,N_S2,N_S3,N_S4,N_S5,N_S6,ID_FIL_LICENCE,ID_ETUDIANT,ID_FACULTE) values (to_date('31-07-24','DD-MM-YY'),to_date('02-08-24','DD-MM-YY'),'Physuc','10','12','19','12','10','13','15','17','2','30','1');
Insert into MEHDI.INFO_ACCADEMIQUE_V (D_GRADUATION,D_BAC,FIL_BAC,MOY_LICENCE,MOY_BAC,N_S1,N_S2,N_S3,N_S4,N_S5,N_S6,ID_FIL_LICENCE,ID_ETUDIANT,ID_FACULTE) values (to_date('23-07-24','DD-MM-YY'),to_date('26-07-24','DD-MM-YY'),'pc','19','19','19','19','19','19','19','19','1','31','1');
Insert into MEHDI.INFO_ACCADEMIQUE_V (D_GRADUATION,D_BAC,FIL_BAC,MOY_LICENCE,MOY_BAC,N_S1,N_S2,N_S3,N_S4,N_S5,N_S6,ID_FIL_LICENCE,ID_ETUDIANT,ID_FACULTE) values (to_date('10-08-24','DD-MM-YY'),to_date('09-07-24','DD-MM-YY'),'Phisycs','12','12','12','19','15','13','13','10','1','33','1');
Insert into MEHDI.INFO_ACCADEMIQUE_V (D_GRADUATION,D_BAC,FIL_BAC,MOY_LICENCE,MOY_BAC,N_S1,N_S2,N_S3,N_S4,N_S5,N_S6,ID_FIL_LICENCE,ID_ETUDIANT,ID_FACULTE) values (to_date('03-03-12','DD-MM-YY'),to_date('03-03-10','DD-MM-YY'),'Commerce','8,2','8,4','7,8','8,1','7,9','8,3','8','8,4','3','18','3');
Insert into MEHDI.INFO_ACCADEMIQUE_V (D_GRADUATION,D_BAC,FIL_BAC,MOY_LICENCE,MOY_BAC,N_S1,N_S2,N_S3,N_S4,N_S5,N_S6,ID_FIL_LICENCE,ID_ETUDIANT,ID_FACULTE) values (to_date('04-04-13','DD-MM-YY'),to_date('04-04-11','DD-MM-YY'),'Engineering','8,7','8,9','8,5','8,6','8,3','8,8','8,7','8,9','4','19','4');
Insert into MEHDI.INFO_ACCADEMIQUE_V (D_GRADUATION,D_BAC,FIL_BAC,MOY_LICENCE,MOY_BAC,N_S1,N_S2,N_S3,N_S4,N_S5,N_S6,ID_FIL_LICENCE,ID_ETUDIANT,ID_FACULTE) values (to_date('05-05-14','DD-MM-YY'),to_date('05-05-12','DD-MM-YY'),'Medicine','9','8,6','8,2','8,9','8,5','8,8','9,1','9,2','5','20','5');
Insert into MEHDI.INFO_ACCADEMIQUE_V (D_GRADUATION,D_BAC,FIL_BAC,MOY_LICENCE,MOY_BAC,N_S1,N_S2,N_S3,N_S4,N_S5,N_S6,ID_FIL_LICENCE,ID_ETUDIANT,ID_FACULTE) values (to_date('06-06-15','DD-MM-YY'),to_date('06-06-13','DD-MM-YY'),'Law','8,4','8,7','8','8,3','8,1','8,6','8,4','8,8','6','21','6');
Insert into MEHDI.INFO_ACCADEMIQUE_V (D_GRADUATION,D_BAC,FIL_BAC,MOY_LICENCE,MOY_BAC,N_S1,N_S2,N_S3,N_S4,N_S5,N_S6,ID_FIL_LICENCE,ID_ETUDIANT,ID_FACULTE) values (to_date('07-07-16','DD-MM-YY'),to_date('07-07-14','DD-MM-YY'),'Computer Science','9,1','8,8','8,7','8,9','9','8,8','9,2','9,1','7','22','7');
Insert into MEHDI.INFO_ACCADEMIQUE_V (D_GRADUATION,D_BAC,FIL_BAC,MOY_LICENCE,MOY_BAC,N_S1,N_S2,N_S3,N_S4,N_S5,N_S6,ID_FIL_LICENCE,ID_ETUDIANT,ID_FACULTE) values (to_date('08-08-17','DD-MM-YY'),to_date('08-08-15','DD-MM-YY'),'Mathematics','8,6','8,4','8,1','8,3','8,2','8,5','8,7','8,9','8','23','8');
Insert into MEHDI.INFO_ACCADEMIQUE_V (D_GRADUATION,D_BAC,FIL_BAC,MOY_LICENCE,MOY_BAC,N_S1,N_S2,N_S3,N_S4,N_S5,N_S6,ID_FIL_LICENCE,ID_ETUDIANT,ID_FACULTE) values (to_date('09-09-18','DD-MM-YY'),to_date('09-09-16','DD-MM-YY'),'Physics','8,3','8,5','8','8,2','8,4','8,3','8,5','8,6','9','24','9');
Insert into MEHDI.INFO_ACCADEMIQUE_V (D_GRADUATION,D_BAC,FIL_BAC,MOY_LICENCE,MOY_BAC,N_S1,N_S2,N_S3,N_S4,N_S5,N_S6,ID_FIL_LICENCE,ID_ETUDIANT,ID_FACULTE) values (to_date('10-10-19','DD-MM-YY'),to_date('10-10-17','DD-MM-YY'),'Chemistry','8,9','8,7','8,4','8,6','8,5','8,8','8,9','9','10','25','10');
Insert into MEHDI.INFO_ACCADEMIQUE_V (D_GRADUATION,D_BAC,FIL_BAC,MOY_LICENCE,MOY_BAC,N_S1,N_S2,N_S3,N_S4,N_S5,N_S6,ID_FIL_LICENCE,ID_ETUDIANT,ID_FACULTE) values (to_date('01-01-10','DD-MM-YY'),to_date('01-01-08','DD-MM-YY'),'Science','8,5','8,5','7,5','8,5','7,5','8,5','7,5','8,5','1','1','1');
Insert into MEHDI.INFO_ACCADEMIQUE_V (D_GRADUATION,D_BAC,FIL_BAC,MOY_LICENCE,MOY_BAC,N_S1,N_S2,N_S3,N_S4,N_S5,N_S6,ID_FIL_LICENCE,ID_ETUDIANT,ID_FACULTE) values (to_date('01-06-12','DD-MM-YY'),to_date('01-06-10','DD-MM-YY'),'Mathematics','7,8','8,2','7,7','8,1','7,6','8','7,5','8,3','2','2','3');
Insert into MEHDI.INFO_ACCADEMIQUE_V (D_GRADUATION,D_BAC,FIL_BAC,MOY_LICENCE,MOY_BAC,N_S1,N_S2,N_S3,N_S4,N_S5,N_S6,ID_FIL_LICENCE,ID_ETUDIANT,ID_FACULTE) values (to_date('20-05-09','DD-MM-YY'),to_date('20-05-07','DD-MM-YY'),'Engineering','9','8,7','8,9','8,8','8,7','8,6','8,5','8,4','3','3','4');
Insert into MEHDI.INFO_ACCADEMIQUE_V (D_GRADUATION,D_BAC,FIL_BAC,MOY_LICENCE,MOY_BAC,N_S1,N_S2,N_S3,N_S4,N_S5,N_S6,ID_FIL_LICENCE,ID_ETUDIANT,ID_FACULTE) values (to_date('25-08-14','DD-MM-YY'),to_date('25-08-12','DD-MM-YY'),'Literature','8,3','8,5','8,1','8,4','8,2','8,6','8','8,7','4','4','5');
Insert into MEHDI.INFO_ACCADEMIQUE_V (D_GRADUATION,D_BAC,FIL_BAC,MOY_LICENCE,MOY_BAC,N_S1,N_S2,N_S3,N_S4,N_S5,N_S6,ID_FIL_LICENCE,ID_ETUDIANT,ID_FACULTE) values (to_date('30-07-13','DD-MM-YY'),to_date('30-07-11','DD-MM-YY'),'Physics','8','8,1','8,2','8,3','8,4','8,5','8,6','8,7','5','5','6');
Insert into MEHDI.INFO_ACCADEMIQUE_V (D_GRADUATION,D_BAC,FIL_BAC,MOY_LICENCE,MOY_BAC,N_S1,N_S2,N_S3,N_S4,N_S5,N_S6,ID_FIL_LICENCE,ID_ETUDIANT,ID_FACULTE) values (to_date('15-05-11','DD-MM-YY'),to_date('15-05-09','DD-MM-YY'),'Chemistry','8,4','8,3','8,2','8,1','8','7,9','7,8','7,7','6','6','7');
Insert into MEHDI.INFO_ACCADEMIQUE_V (D_GRADUATION,D_BAC,FIL_BAC,MOY_LICENCE,MOY_BAC,N_S1,N_S2,N_S3,N_S4,N_S5,N_S6,ID_FIL_LICENCE,ID_ETUDIANT,ID_FACULTE) values (to_date('24-07-24','DD-MM-YY'),to_date('21-07-24','DD-MM-YY'),'PC','12','12','12','12','12','12','12','12','4','29','1');
Insert into MEHDI.INFO_ACCADEMIQUE_V (D_GRADUATION,D_BAC,FIL_BAC,MOY_LICENCE,MOY_BAC,N_S1,N_S2,N_S3,N_S4,N_S5,N_S6,ID_FIL_LICENCE,ID_ETUDIANT,ID_FACULTE) values (to_date('15-04-24','DD-MM-YY'),to_date('07-12-18','DD-MM-YY'),'VF','14','13','15','16','17','16','16','16','1','34','4');
REM INSERTING into MEHDI.INSCRIPTION_ETUDIANT_MASTER_V
SET DEFINE OFF;
Insert into MEHDI.INSCRIPTION_ETUDIANT_MASTER_V (ID_INSCRIPTION,ID_MASTER,ID_ETUDIANT,CIN,MASSAR,NOM,PRENOM) values ('141','277','30','DV29315','M1365791','HAJIBA','RAIS');
Insert into MEHDI.INSCRIPTION_ETUDIANT_MASTER_V (ID_INSCRIPTION,ID_MASTER,ID_ETUDIANT,CIN,MASSAR,NOM,PRENOM) values ('142','277','31','DB27164','M136340564','MEHDI','HAMMIOU');
Insert into MEHDI.INSCRIPTION_ETUDIANT_MASTER_V (ID_INSCRIPTION,ID_MASTER,ID_ETUDIANT,CIN,MASSAR,NOM,PRENOM) values ('161','277','33','DB15848','M123456','TAHA ','HAMMADATE ');
Insert into MEHDI.INSCRIPTION_ETUDIANT_MASTER_V (ID_INSCRIPTION,ID_MASTER,ID_ETUDIANT,CIN,MASSAR,NOM,PRENOM) values ('181','278','33','DB15848','M123456','TAHA ','HAMMADATE ');
Insert into MEHDI.INSCRIPTION_ETUDIANT_MASTER_V (ID_INSCRIPTION,ID_MASTER,ID_ETUDIANT,CIN,MASSAR,NOM,PRENOM) values ('7','277','18','23456789b','234b56789','Johnson','Bob');
Insert into MEHDI.INSCRIPTION_ETUDIANT_MASTER_V (ID_INSCRIPTION,ID_MASTER,ID_ETUDIANT,CIN,MASSAR,NOM,PRENOM) values ('8','277','19','34567890c','345c67890','Williams','Carol');
Insert into MEHDI.INSCRIPTION_ETUDIANT_MASTER_V (ID_INSCRIPTION,ID_MASTER,ID_ETUDIANT,CIN,MASSAR,NOM,PRENOM) values ('9','277','20','45678901d','456d78901','Brown','David');
Insert into MEHDI.INSCRIPTION_ETUDIANT_MASTER_V (ID_INSCRIPTION,ID_MASTER,ID_ETUDIANT,CIN,MASSAR,NOM,PRENOM) values ('10','277','21','56789012e','567e89012','Jones','Emma');
Insert into MEHDI.INSCRIPTION_ETUDIANT_MASTER_V (ID_INSCRIPTION,ID_MASTER,ID_ETUDIANT,CIN,MASSAR,NOM,PRENOM) values ('12','277','22','67890123m','678m90123','Taylor','Michael');
Insert into MEHDI.INSCRIPTION_ETUDIANT_MASTER_V (ID_INSCRIPTION,ID_MASTER,ID_ETUDIANT,CIN,MASSAR,NOM,PRENOM) values ('13','277','23','78901234s','789s01234','Harris','Sophia');
Insert into MEHDI.INSCRIPTION_ETUDIANT_MASTER_V (ID_INSCRIPTION,ID_MASTER,ID_ETUDIANT,CIN,MASSAR,NOM,PRENOM) values ('14','277','24','89012345j','890j12345','Martinez','James');
Insert into MEHDI.INSCRIPTION_ETUDIANT_MASTER_V (ID_INSCRIPTION,ID_MASTER,ID_ETUDIANT,CIN,MASSAR,NOM,PRENOM) values ('15','277','25','90123456o','901o23456','Clark','Olivia');
Insert into MEHDI.INSCRIPTION_ETUDIANT_MASTER_V (ID_INSCRIPTION,ID_MASTER,ID_ETUDIANT,CIN,MASSAR,NOM,PRENOM) values ('16','277','26','01234567l','012l34567','Anderson','Liam');
Insert into MEHDI.INSCRIPTION_ETUDIANT_MASTER_V (ID_INSCRIPTION,ID_MASTER,ID_ETUDIANT,CIN,MASSAR,NOM,PRENOM) values ('1','277','1','12345678s','123s45890','Doe','John');
Insert into MEHDI.INSCRIPTION_ETUDIANT_MASTER_V (ID_INSCRIPTION,ID_MASTER,ID_ETUDIANT,CIN,MASSAR,NOM,PRENOM) values ('2','277','2','87654321C','54321678A','Smith','Alice');
Insert into MEHDI.INSCRIPTION_ETUDIANT_MASTER_V (ID_INSCRIPTION,ID_MASTER,ID_ETUDIANT,CIN,MASSAR,NOM,PRENOM) values ('3','277','3','76543210B','23456789B','Johnson','Robert');
Insert into MEHDI.INSCRIPTION_ETUDIANT_MASTER_V (ID_INSCRIPTION,ID_MASTER,ID_ETUDIANT,CIN,MASSAR,NOM,PRENOM) values ('4','277','4','56789012A','34567890A','Williams','Emma');
Insert into MEHDI.INSCRIPTION_ETUDIANT_MASTER_V (ID_INSCRIPTION,ID_MASTER,ID_ETUDIANT,CIN,MASSAR,NOM,PRENOM) values ('5','277','5','321654987C','12345678C','Brown','James');
Insert into MEHDI.INSCRIPTION_ETUDIANT_MASTER_V (ID_INSCRIPTION,ID_MASTER,ID_ETUDIANT,CIN,MASSAR,NOM,PRENOM) values ('6','277','6','987654321M','87654321M','Martinez','Sofia');
Insert into MEHDI.INSCRIPTION_ETUDIANT_MASTER_V (ID_INSCRIPTION,ID_MASTER,ID_ETUDIANT,CIN,MASSAR,NOM,PRENOM) values ('182','278','34','DO123456','M135434567','HAMMADATE','THAA');
REM INSERTING into MEHDI.INSCRIPTION_V
SET DEFINE OFF;
Insert into MEHDI.INSCRIPTION_V (ID_MASTER,ID_ETUDIANT) values ('277','30');
Insert into MEHDI.INSCRIPTION_V (ID_MASTER,ID_ETUDIANT) values ('277','31');
Insert into MEHDI.INSCRIPTION_V (ID_MASTER,ID_ETUDIANT) values ('278','34');
Insert into MEHDI.INSCRIPTION_V (ID_MASTER,ID_ETUDIANT) values ('277','1');
Insert into MEHDI.INSCRIPTION_V (ID_MASTER,ID_ETUDIANT) values ('277','2');
Insert into MEHDI.INSCRIPTION_V (ID_MASTER,ID_ETUDIANT) values ('277','3');
Insert into MEHDI.INSCRIPTION_V (ID_MASTER,ID_ETUDIANT) values ('277','4');
Insert into MEHDI.INSCRIPTION_V (ID_MASTER,ID_ETUDIANT) values ('277','5');
Insert into MEHDI.INSCRIPTION_V (ID_MASTER,ID_ETUDIANT) values ('277','6');
Insert into MEHDI.INSCRIPTION_V (ID_MASTER,ID_ETUDIANT) values ('277','18');
Insert into MEHDI.INSCRIPTION_V (ID_MASTER,ID_ETUDIANT) values ('277','19');
Insert into MEHDI.INSCRIPTION_V (ID_MASTER,ID_ETUDIANT) values ('277','20');
Insert into MEHDI.INSCRIPTION_V (ID_MASTER,ID_ETUDIANT) values ('277','21');
Insert into MEHDI.INSCRIPTION_V (ID_MASTER,ID_ETUDIANT) values ('277','22');
Insert into MEHDI.INSCRIPTION_V (ID_MASTER,ID_ETUDIANT) values ('277','23');
Insert into MEHDI.INSCRIPTION_V (ID_MASTER,ID_ETUDIANT) values ('277','24');
Insert into MEHDI.INSCRIPTION_V (ID_MASTER,ID_ETUDIANT) values ('277','25');
Insert into MEHDI.INSCRIPTION_V (ID_MASTER,ID_ETUDIANT) values ('277','26');
Insert into MEHDI.INSCRIPTION_V (ID_MASTER,ID_ETUDIANT) values ('277','33');
Insert into MEHDI.INSCRIPTION_V (ID_MASTER,ID_ETUDIANT) values ('278','33');
REM INSERTING into MEHDI.LISTE_ATTENTE_ETUDIANT_V
SET DEFINE OFF;
Insert into MEHDI.LISTE_ATTENTE_ETUDIANT_V (ID_LA,ID_INSCRIPTION,ID_MASTER,ID_ETUDIANT,CIN,MASSAR,NOM,PRENOM,SCORE) values ('560','141','277','30','DV29315','M1365791','HAJIBA','RAIS',null);
Insert into MEHDI.LISTE_ATTENTE_ETUDIANT_V (ID_LA,ID_INSCRIPTION,ID_MASTER,ID_ETUDIANT,CIN,MASSAR,NOM,PRENOM,SCORE) values ('562','142','277','31','DB27164','M136340564','MEHDI','HAMMIOU',null);
Insert into MEHDI.LISTE_ATTENTE_ETUDIANT_V (ID_LA,ID_INSCRIPTION,ID_MASTER,ID_ETUDIANT,CIN,MASSAR,NOM,PRENOM,SCORE) values ('558','161','277','33','DB15848','M123456','TAHA ','HAMMADATE ',null);
Insert into MEHDI.LISTE_ATTENTE_ETUDIANT_V (ID_LA,ID_INSCRIPTION,ID_MASTER,ID_ETUDIANT,CIN,MASSAR,NOM,PRENOM,SCORE) values ('561','12','277','22','67890123m','678m90123','Taylor','Michael',null);
Insert into MEHDI.LISTE_ATTENTE_ETUDIANT_V (ID_LA,ID_INSCRIPTION,ID_MASTER,ID_ETUDIANT,CIN,MASSAR,NOM,PRENOM,SCORE) values ('563','13','277','23','78901234s','789s01234','Harris','Sophia',null);
Insert into MEHDI.LISTE_ATTENTE_ETUDIANT_V (ID_LA,ID_INSCRIPTION,ID_MASTER,ID_ETUDIANT,CIN,MASSAR,NOM,PRENOM,SCORE) values ('557','14','277','24','89012345j','890j12345','Martinez','James',null);
Insert into MEHDI.LISTE_ATTENTE_ETUDIANT_V (ID_LA,ID_INSCRIPTION,ID_MASTER,ID_ETUDIANT,CIN,MASSAR,NOM,PRENOM,SCORE) values ('559','15','277','25','90123456o','901o23456','Clark','Olivia',null);
Insert into MEHDI.LISTE_ATTENTE_ETUDIANT_V (ID_LA,ID_INSCRIPTION,ID_MASTER,ID_ETUDIANT,CIN,MASSAR,NOM,PRENOM,SCORE) values ('556','6','277','6','987654321M','87654321M','Martinez','Sofia',null);
REM INSERTING into MEHDI.LISTE_FINALE_ETUDIANT_V
SET DEFINE OFF;
Insert into MEHDI.LISTE_FINALE_ETUDIANT_V (ID_LF,ID_INSCRIPTION,ID_MASTER,ID_ETUDIANT,CIN,MASSAR,NOM,PRENOM,SCORE) values ('1401','181','278','33','DB15848','M123456','TAHA ','HAMMADATE ','12');
Insert into MEHDI.LISTE_FINALE_ETUDIANT_V (ID_LF,ID_INSCRIPTION,ID_MASTER,ID_ETUDIANT,CIN,MASSAR,NOM,PRENOM,SCORE) values ('1405','7','277','18','23456789b','234b56789','Johnson','Bob','15');
Insert into MEHDI.LISTE_FINALE_ETUDIANT_V (ID_LF,ID_INSCRIPTION,ID_MASTER,ID_ETUDIANT,CIN,MASSAR,NOM,PRENOM,SCORE) values ('1406','8','277','19','34567890c','345c67890','Williams','Carol','15');
Insert into MEHDI.LISTE_FINALE_ETUDIANT_V (ID_LF,ID_INSCRIPTION,ID_MASTER,ID_ETUDIANT,CIN,MASSAR,NOM,PRENOM,SCORE) values ('1408','9','277','20','45678901d','456d78901','Brown','David','13');
Insert into MEHDI.LISTE_FINALE_ETUDIANT_V (ID_LF,ID_INSCRIPTION,ID_MASTER,ID_ETUDIANT,CIN,MASSAR,NOM,PRENOM,SCORE) values ('1411','10','277','21','56789012e','567e89012','Jones','Emma','0');
Insert into MEHDI.LISTE_FINALE_ETUDIANT_V (ID_LF,ID_INSCRIPTION,ID_MASTER,ID_ETUDIANT,CIN,MASSAR,NOM,PRENOM,SCORE) values ('1409','16','277','26','01234567l','012l34567','Anderson','Liam','12');
Insert into MEHDI.LISTE_FINALE_ETUDIANT_V (ID_LF,ID_INSCRIPTION,ID_MASTER,ID_ETUDIANT,CIN,MASSAR,NOM,PRENOM,SCORE) values ('1403','1','277','1','12345678s','123s45890','Doe','John','20');
Insert into MEHDI.LISTE_FINALE_ETUDIANT_V (ID_LF,ID_INSCRIPTION,ID_MASTER,ID_ETUDIANT,CIN,MASSAR,NOM,PRENOM,SCORE) values ('1404','2','277','2','87654321C','54321678A','Smith','Alice','19');
Insert into MEHDI.LISTE_FINALE_ETUDIANT_V (ID_LF,ID_INSCRIPTION,ID_MASTER,ID_ETUDIANT,CIN,MASSAR,NOM,PRENOM,SCORE) values ('1402','3','277','3','76543210B','23456789B','Johnson','Robert','23');
Insert into MEHDI.LISTE_FINALE_ETUDIANT_V (ID_LF,ID_INSCRIPTION,ID_MASTER,ID_ETUDIANT,CIN,MASSAR,NOM,PRENOM,SCORE) values ('1407','4','277','4','56789012A','34567890A','Williams','Emma','13');
Insert into MEHDI.LISTE_FINALE_ETUDIANT_V (ID_LF,ID_INSCRIPTION,ID_MASTER,ID_ETUDIANT,CIN,MASSAR,NOM,PRENOM,SCORE) values ('1410','5','277','5','321654987C','12345678C','Brown','James','10');
REM INSERTING into MEHDI.LISTE_PRESELECTION_V
SET DEFINE OFF;
Insert into MEHDI.LISTE_PRESELECTION_V (ID_PS,ID_INSCRIPTION,ID_MASTER,ID_ETUDIANT,CIN,MASSAR,NOM,PRENOM,SCORE) values ('473','141','277','30','DV29315','M1365791','HAJIBA','RAIS',null);
Insert into MEHDI.LISTE_PRESELECTION_V (ID_PS,ID_INSCRIPTION,ID_MASTER,ID_ETUDIANT,CIN,MASSAR,NOM,PRENOM,SCORE) values ('477','142','277','31','DB27164','M136340564','MEHDI','HAMMIOU',null);
Insert into MEHDI.LISTE_PRESELECTION_V (ID_PS,ID_INSCRIPTION,ID_MASTER,ID_ETUDIANT,CIN,MASSAR,NOM,PRENOM,SCORE) values ('467','161','277','33','DB15848','M123456','TAHA ','HAMMADATE ',null);
Insert into MEHDI.LISTE_PRESELECTION_V (ID_PS,ID_INSCRIPTION,ID_MASTER,ID_ETUDIANT,CIN,MASSAR,NOM,PRENOM,SCORE) values ('466','181','278','33','DB15848','M123456','TAHA ','HAMMADATE ','12');
Insert into MEHDI.LISTE_PRESELECTION_V (ID_PS,ID_INSCRIPTION,ID_MASTER,ID_ETUDIANT,CIN,MASSAR,NOM,PRENOM,SCORE) values ('471','7','277','18','23456789b','234b56789','Johnson','Bob','15');
Insert into MEHDI.LISTE_PRESELECTION_V (ID_PS,ID_INSCRIPTION,ID_MASTER,ID_ETUDIANT,CIN,MASSAR,NOM,PRENOM,SCORE) values ('475','8','277','19','34567890c','345c67890','Williams','Carol','15');
Insert into MEHDI.LISTE_PRESELECTION_V (ID_PS,ID_INSCRIPTION,ID_MASTER,ID_ETUDIANT,CIN,MASSAR,NOM,PRENOM,SCORE) values ('482','9','277','20','45678901d','456d78901','Brown','David','13');
Insert into MEHDI.LISTE_PRESELECTION_V (ID_PS,ID_INSCRIPTION,ID_MASTER,ID_ETUDIANT,CIN,MASSAR,NOM,PRENOM,SCORE) values ('480','10','277','21','56789012e','567e89012','Jones','Emma','0');
Insert into MEHDI.LISTE_PRESELECTION_V (ID_PS,ID_INSCRIPTION,ID_MASTER,ID_ETUDIANT,CIN,MASSAR,NOM,PRENOM,SCORE) values ('476','12','277','22','67890123m','678m90123','Taylor','Michael',null);
Insert into MEHDI.LISTE_PRESELECTION_V (ID_PS,ID_INSCRIPTION,ID_MASTER,ID_ETUDIANT,CIN,MASSAR,NOM,PRENOM,SCORE) values ('483','13','277','23','78901234s','789s01234','Harris','Sophia',null);
Insert into MEHDI.LISTE_PRESELECTION_V (ID_PS,ID_INSCRIPTION,ID_MASTER,ID_ETUDIANT,CIN,MASSAR,NOM,PRENOM,SCORE) values ('469','14','277','24','89012345j','890j12345','Martinez','James',null);
Insert into MEHDI.LISTE_PRESELECTION_V (ID_PS,ID_INSCRIPTION,ID_MASTER,ID_ETUDIANT,CIN,MASSAR,NOM,PRENOM,SCORE) values ('472','15','277','25','90123456o','901o23456','Clark','Olivia',null);
Insert into MEHDI.LISTE_PRESELECTION_V (ID_PS,ID_INSCRIPTION,ID_MASTER,ID_ETUDIANT,CIN,MASSAR,NOM,PRENOM,SCORE) values ('484','16','277','26','01234567l','012l34567','Anderson','Liam','12');
Insert into MEHDI.LISTE_PRESELECTION_V (ID_PS,ID_INSCRIPTION,ID_MASTER,ID_ETUDIANT,CIN,MASSAR,NOM,PRENOM,SCORE) values ('470','1','277','1','12345678s','123s45890','Doe','John','20');
Insert into MEHDI.LISTE_PRESELECTION_V (ID_PS,ID_INSCRIPTION,ID_MASTER,ID_ETUDIANT,CIN,MASSAR,NOM,PRENOM,SCORE) values ('474','2','277','2','87654321C','54321678A','Smith','Alice','19');
Insert into MEHDI.LISTE_PRESELECTION_V (ID_PS,ID_INSCRIPTION,ID_MASTER,ID_ETUDIANT,CIN,MASSAR,NOM,PRENOM,SCORE) values ('481','3','277','3','76543210B','23456789B','Johnson','Robert','23');
Insert into MEHDI.LISTE_PRESELECTION_V (ID_PS,ID_INSCRIPTION,ID_MASTER,ID_ETUDIANT,CIN,MASSAR,NOM,PRENOM,SCORE) values ('478','4','277','4','56789012A','34567890A','Williams','Emma','13');
Insert into MEHDI.LISTE_PRESELECTION_V (ID_PS,ID_INSCRIPTION,ID_MASTER,ID_ETUDIANT,CIN,MASSAR,NOM,PRENOM,SCORE) values ('479','5','277','5','321654987C','12345678C','Brown','James','10');
Insert into MEHDI.LISTE_PRESELECTION_V (ID_PS,ID_INSCRIPTION,ID_MASTER,ID_ETUDIANT,CIN,MASSAR,NOM,PRENOM,SCORE) values ('468','6','277','6','987654321M','87654321M','Martinez','Sofia',null);
REM INSERTING into MEHDI.LISTE_REJECTED_V
SET DEFINE OFF;
REM INSERTING into MEHDI.LISTE_TMP_ATTENTE_ETUDIANT_V
SET DEFINE OFF;
Insert into MEHDI.LISTE_TMP_ATTENTE_ETUDIANT_V (ID_LA,ID_INSCRIPTION,ID_MASTER,ID_ETUDIANT,CIN,MASSAR,NOM,PRENOM,SCORE) values ('560','141','277','30','DV29315','M1365791','HAJIBA','RAIS',null);
Insert into MEHDI.LISTE_TMP_ATTENTE_ETUDIANT_V (ID_LA,ID_INSCRIPTION,ID_MASTER,ID_ETUDIANT,CIN,MASSAR,NOM,PRENOM,SCORE) values ('562','142','277','31','DB27164','M136340564','MEHDI','HAMMIOU',null);
Insert into MEHDI.LISTE_TMP_ATTENTE_ETUDIANT_V (ID_LA,ID_INSCRIPTION,ID_MASTER,ID_ETUDIANT,CIN,MASSAR,NOM,PRENOM,SCORE) values ('558','161','277','33','DB15848','M123456','TAHA ','HAMMADATE ',null);
Insert into MEHDI.LISTE_TMP_ATTENTE_ETUDIANT_V (ID_LA,ID_INSCRIPTION,ID_MASTER,ID_ETUDIANT,CIN,MASSAR,NOM,PRENOM,SCORE) values ('561','12','277','22','67890123m','678m90123','Taylor','Michael',null);
Insert into MEHDI.LISTE_TMP_ATTENTE_ETUDIANT_V (ID_LA,ID_INSCRIPTION,ID_MASTER,ID_ETUDIANT,CIN,MASSAR,NOM,PRENOM,SCORE) values ('563','13','277','23','78901234s','789s01234','Harris','Sophia',null);
Insert into MEHDI.LISTE_TMP_ATTENTE_ETUDIANT_V (ID_LA,ID_INSCRIPTION,ID_MASTER,ID_ETUDIANT,CIN,MASSAR,NOM,PRENOM,SCORE) values ('557','14','277','24','89012345j','890j12345','Martinez','James',null);
Insert into MEHDI.LISTE_TMP_ATTENTE_ETUDIANT_V (ID_LA,ID_INSCRIPTION,ID_MASTER,ID_ETUDIANT,CIN,MASSAR,NOM,PRENOM,SCORE) values ('559','15','277','25','90123456o','901o23456','Clark','Olivia',null);
Insert into MEHDI.LISTE_TMP_ATTENTE_ETUDIANT_V (ID_LA,ID_INSCRIPTION,ID_MASTER,ID_ETUDIANT,CIN,MASSAR,NOM,PRENOM,SCORE) values ('556','6','277','6','987654321M','87654321M','Martinez','Sofia',null);
REM INSERTING into MEHDI.LISTE_TMP_FINALE_ETUDIANT_V
SET DEFINE OFF;
Insert into MEHDI.LISTE_TMP_FINALE_ETUDIANT_V (ID_LF,ID_INSCRIPTION,ID_MASTER,ID_ETUDIANT,CIN,MASSAR,NOM,PRENOM,SCORE) values ('1401','181','278','33','DB15848','M123456','TAHA ','HAMMADATE ','12');
Insert into MEHDI.LISTE_TMP_FINALE_ETUDIANT_V (ID_LF,ID_INSCRIPTION,ID_MASTER,ID_ETUDIANT,CIN,MASSAR,NOM,PRENOM,SCORE) values ('1405','7','277','18','23456789b','234b56789','Johnson','Bob','15');
Insert into MEHDI.LISTE_TMP_FINALE_ETUDIANT_V (ID_LF,ID_INSCRIPTION,ID_MASTER,ID_ETUDIANT,CIN,MASSAR,NOM,PRENOM,SCORE) values ('1406','8','277','19','34567890c','345c67890','Williams','Carol','15');
Insert into MEHDI.LISTE_TMP_FINALE_ETUDIANT_V (ID_LF,ID_INSCRIPTION,ID_MASTER,ID_ETUDIANT,CIN,MASSAR,NOM,PRENOM,SCORE) values ('1408','9','277','20','45678901d','456d78901','Brown','David','13');
Insert into MEHDI.LISTE_TMP_FINALE_ETUDIANT_V (ID_LF,ID_INSCRIPTION,ID_MASTER,ID_ETUDIANT,CIN,MASSAR,NOM,PRENOM,SCORE) values ('1411','10','277','21','56789012e','567e89012','Jones','Emma','0');
Insert into MEHDI.LISTE_TMP_FINALE_ETUDIANT_V (ID_LF,ID_INSCRIPTION,ID_MASTER,ID_ETUDIANT,CIN,MASSAR,NOM,PRENOM,SCORE) values ('1409','16','277','26','01234567l','012l34567','Anderson','Liam','12');
Insert into MEHDI.LISTE_TMP_FINALE_ETUDIANT_V (ID_LF,ID_INSCRIPTION,ID_MASTER,ID_ETUDIANT,CIN,MASSAR,NOM,PRENOM,SCORE) values ('1403','1','277','1','12345678s','123s45890','Doe','John','20');
Insert into MEHDI.LISTE_TMP_FINALE_ETUDIANT_V (ID_LF,ID_INSCRIPTION,ID_MASTER,ID_ETUDIANT,CIN,MASSAR,NOM,PRENOM,SCORE) values ('1404','2','277','2','87654321C','54321678A','Smith','Alice','19');
Insert into MEHDI.LISTE_TMP_FINALE_ETUDIANT_V (ID_LF,ID_INSCRIPTION,ID_MASTER,ID_ETUDIANT,CIN,MASSAR,NOM,PRENOM,SCORE) values ('1402','3','277','3','76543210B','23456789B','Johnson','Robert','23');
Insert into MEHDI.LISTE_TMP_FINALE_ETUDIANT_V (ID_LF,ID_INSCRIPTION,ID_MASTER,ID_ETUDIANT,CIN,MASSAR,NOM,PRENOM,SCORE) values ('1407','4','277','4','56789012A','34567890A','Williams','Emma','13');
Insert into MEHDI.LISTE_TMP_FINALE_ETUDIANT_V (ID_LF,ID_INSCRIPTION,ID_MASTER,ID_ETUDIANT,CIN,MASSAR,NOM,PRENOM,SCORE) values ('1410','5','277','5','321654987C','12345678C','Brown','James','10');
REM INSERTING into MEHDI.LISTE_TMP_PRESELECTION_V
SET DEFINE OFF;
Insert into MEHDI.LISTE_TMP_PRESELECTION_V (ID_PS,ID_INSCRIPTION,ID_MASTER,ID_ETUDIANT,CIN,MASSAR,NOM,PRENOM,SCORE) values ('473','141','277','30','DV29315','M1365791','HAJIBA','RAIS',null);
Insert into MEHDI.LISTE_TMP_PRESELECTION_V (ID_PS,ID_INSCRIPTION,ID_MASTER,ID_ETUDIANT,CIN,MASSAR,NOM,PRENOM,SCORE) values ('477','142','277','31','DB27164','M136340564','MEHDI','HAMMIOU',null);
Insert into MEHDI.LISTE_TMP_PRESELECTION_V (ID_PS,ID_INSCRIPTION,ID_MASTER,ID_ETUDIANT,CIN,MASSAR,NOM,PRENOM,SCORE) values ('467','161','277','33','DB15848','M123456','TAHA ','HAMMADATE ',null);
Insert into MEHDI.LISTE_TMP_PRESELECTION_V (ID_PS,ID_INSCRIPTION,ID_MASTER,ID_ETUDIANT,CIN,MASSAR,NOM,PRENOM,SCORE) values ('466','181','278','33','DB15848','M123456','TAHA ','HAMMADATE ','12');
Insert into MEHDI.LISTE_TMP_PRESELECTION_V (ID_PS,ID_INSCRIPTION,ID_MASTER,ID_ETUDIANT,CIN,MASSAR,NOM,PRENOM,SCORE) values ('471','7','277','18','23456789b','234b56789','Johnson','Bob','15');
Insert into MEHDI.LISTE_TMP_PRESELECTION_V (ID_PS,ID_INSCRIPTION,ID_MASTER,ID_ETUDIANT,CIN,MASSAR,NOM,PRENOM,SCORE) values ('475','8','277','19','34567890c','345c67890','Williams','Carol','15');
Insert into MEHDI.LISTE_TMP_PRESELECTION_V (ID_PS,ID_INSCRIPTION,ID_MASTER,ID_ETUDIANT,CIN,MASSAR,NOM,PRENOM,SCORE) values ('482','9','277','20','45678901d','456d78901','Brown','David','13');
Insert into MEHDI.LISTE_TMP_PRESELECTION_V (ID_PS,ID_INSCRIPTION,ID_MASTER,ID_ETUDIANT,CIN,MASSAR,NOM,PRENOM,SCORE) values ('480','10','277','21','56789012e','567e89012','Jones','Emma','0');
Insert into MEHDI.LISTE_TMP_PRESELECTION_V (ID_PS,ID_INSCRIPTION,ID_MASTER,ID_ETUDIANT,CIN,MASSAR,NOM,PRENOM,SCORE) values ('476','12','277','22','67890123m','678m90123','Taylor','Michael',null);
Insert into MEHDI.LISTE_TMP_PRESELECTION_V (ID_PS,ID_INSCRIPTION,ID_MASTER,ID_ETUDIANT,CIN,MASSAR,NOM,PRENOM,SCORE) values ('483','13','277','23','78901234s','789s01234','Harris','Sophia',null);
Insert into MEHDI.LISTE_TMP_PRESELECTION_V (ID_PS,ID_INSCRIPTION,ID_MASTER,ID_ETUDIANT,CIN,MASSAR,NOM,PRENOM,SCORE) values ('469','14','277','24','89012345j','890j12345','Martinez','James',null);
Insert into MEHDI.LISTE_TMP_PRESELECTION_V (ID_PS,ID_INSCRIPTION,ID_MASTER,ID_ETUDIANT,CIN,MASSAR,NOM,PRENOM,SCORE) values ('472','15','277','25','90123456o','901o23456','Clark','Olivia',null);
Insert into MEHDI.LISTE_TMP_PRESELECTION_V (ID_PS,ID_INSCRIPTION,ID_MASTER,ID_ETUDIANT,CIN,MASSAR,NOM,PRENOM,SCORE) values ('484','16','277','26','01234567l','012l34567','Anderson','Liam','12');
Insert into MEHDI.LISTE_TMP_PRESELECTION_V (ID_PS,ID_INSCRIPTION,ID_MASTER,ID_ETUDIANT,CIN,MASSAR,NOM,PRENOM,SCORE) values ('470','1','277','1','12345678s','123s45890','Doe','John','20');
Insert into MEHDI.LISTE_TMP_PRESELECTION_V (ID_PS,ID_INSCRIPTION,ID_MASTER,ID_ETUDIANT,CIN,MASSAR,NOM,PRENOM,SCORE) values ('474','2','277','2','87654321C','54321678A','Smith','Alice','19');
Insert into MEHDI.LISTE_TMP_PRESELECTION_V (ID_PS,ID_INSCRIPTION,ID_MASTER,ID_ETUDIANT,CIN,MASSAR,NOM,PRENOM,SCORE) values ('481','3','277','3','76543210B','23456789B','Johnson','Robert','23');
Insert into MEHDI.LISTE_TMP_PRESELECTION_V (ID_PS,ID_INSCRIPTION,ID_MASTER,ID_ETUDIANT,CIN,MASSAR,NOM,PRENOM,SCORE) values ('478','4','277','4','56789012A','34567890A','Williams','Emma','13');
Insert into MEHDI.LISTE_TMP_PRESELECTION_V (ID_PS,ID_INSCRIPTION,ID_MASTER,ID_ETUDIANT,CIN,MASSAR,NOM,PRENOM,SCORE) values ('479','5','277','5','321654987C','12345678C','Brown','James','10');
Insert into MEHDI.LISTE_TMP_PRESELECTION_V (ID_PS,ID_INSCRIPTION,ID_MASTER,ID_ETUDIANT,CIN,MASSAR,NOM,PRENOM,SCORE) values ('468','6','277','6','987654321M','87654321M','Martinez','Sofia',null);
REM INSERTING into MEHDI.MASTER_CARD_V
SET DEFINE OFF;
Insert into MEHDI.MASTER_CARD_V (ID_MASTER,SPECIALITE,NOM_COORDINATEUR,D_DEBUT_INSCRIPTION,D_FIN_INSCRIPTION,D_AFF_PRESELECTION,D_CONCOURS,D_AFF_RESULTAT_CONCOURS,ID_RESPONSABLE,ID_FACULTE,NOM_FAC,SURNOM_FAC,LOGO_FAC,ID_UNIVERSITE,NOM_UNI,VILLE,SURNOM_UNI,WEB_SITE,LOGO_UNI,CONDITION,DOCS_STRING) values ('279','Analyse d''image','RACHID ALAOUI','2024-07-07','2024-07-20','2024-08-12','2024-08-15','2024-08-20','11','49','Faculté des sciences et techniques - Béni Mellal','FSTBM','https://www.usms.ac.ma/sites/default/files/logo_usms_v.fw_.png','12','Université Sultan Moulay Slimane','Béni Mellal','USMS','http://www.usms.ac.ma','https://www.usms.ac.ma/sites/default/files/logo_usms_v.fw_.png','avoir une attestation de stage','Relvé de note S1, S2,S3,S4');
Insert into MEHDI.MASTER_CARD_V (ID_MASTER,SPECIALITE,NOM_COORDINATEUR,D_DEBUT_INSCRIPTION,D_FIN_INSCRIPTION,D_AFF_PRESELECTION,D_CONCOURS,D_AFF_RESULTAT_CONCOURS,ID_RESPONSABLE,ID_FACULTE,NOM_FAC,SURNOM_FAC,LOGO_FAC,ID_UNIVERSITE,NOM_UNI,VILLE,SURNOM_UNI,WEB_SITE,LOGO_UNI,CONDITION,DOCS_STRING) values ('281','Gestion des Affaires',' MME. SARA EL AOUFI','2024-07-15','2024-07-18','2024-07-22','2024-07-26','2024-07-31','11','49','Faculté des sciences et techniques - Béni Mellal','FSTBM','https://www.usms.ac.ma/sites/default/files/logo_usms_v.fw_.png','12','Université Sultan Moulay Slimane','Béni Mellal','USMS','http://www.usms.ac.ma','https://www.usms.ac.ma/sites/default/files/logo_usms_v.fw_.png','no condition ','Les relves de note S1, S2,S3 et S4 si disponible');
Insert into MEHDI.MASTER_CARD_V (ID_MASTER,SPECIALITE,NOM_COORDINATEUR,D_DEBUT_INSCRIPTION,D_FIN_INSCRIPTION,D_AFF_PRESELECTION,D_CONCOURS,D_AFF_RESULTAT_CONCOURS,ID_RESPONSABLE,ID_FACULTE,NOM_FAC,SURNOM_FAC,LOGO_FAC,ID_UNIVERSITE,NOM_UNI,VILLE,SURNOM_UNI,WEB_SITE,LOGO_UNI,CONDITION,DOCS_STRING) values ('280','Intelligence Artificielle','LSARDI AHMED','2024-07-15','2024-07-22','2024-07-26','2024-07-30','2024-08-03','12','10','Faculté des Lettres et Sciences Humaines - Casablanca','FLSHK','https://www.uit.ac.ma/wp-content/uploads/2024/03/cropped-Ibn-Tofail-University_Logo_Vertical_Full-Color-and-white-01-120x120.png','9','Université Ibn Tofail','Kénitra','UIT','http://www.uit.ac.ma','https://www.uit.ac.ma/wp-content/uploads/2024/03/cropped-Ibn-Tofail-University_Logo_Vertical_Full-Color-and-white-01-120x120.png',null,'relevés de notes (S1, S2, S3, S4, S5, S6), attestation de réussite, Diplome obtenu, CV, Copie de Baccalauréat');
Insert into MEHDI.MASTER_CARD_V (ID_MASTER,SPECIALITE,NOM_COORDINATEUR,D_DEBUT_INSCRIPTION,D_FIN_INSCRIPTION,D_AFF_PRESELECTION,D_CONCOURS,D_AFF_RESULTAT_CONCOURS,ID_RESPONSABLE,ID_FACULTE,NOM_FAC,SURNOM_FAC,LOGO_FAC,ID_UNIVERSITE,NOM_UNI,VILLE,SURNOM_UNI,WEB_SITE,LOGO_UNI,CONDITION,DOCS_STRING) values ('282','Systeme Embarqués','MAATOUK KARIM','2024-07-15','2024-07-18','2024-07-20','2024-07-22','2024-07-24','12','10','Faculté des Lettres et Sciences Humaines - Casablanca','FLSHK','https://www.uit.ac.ma/wp-content/uploads/2024/03/cropped-Ibn-Tofail-University_Logo_Vertical_Full-Color-and-white-01-120x120.png','9','Université Ibn Tofail','Kénitra','UIT','http://www.uit.ac.ma','https://www.uit.ac.ma/wp-content/uploads/2024/03/cropped-Ibn-Tofail-University_Logo_Vertical_Full-Color-and-white-01-120x120.png',null,'attestation de réussite, Diplome obtenu, CV, Copie de Baccalauréat
');
Insert into MEHDI.MASTER_CARD_V (ID_MASTER,SPECIALITE,NOM_COORDINATEUR,D_DEBUT_INSCRIPTION,D_FIN_INSCRIPTION,D_AFF_PRESELECTION,D_CONCOURS,D_AFF_RESULTAT_CONCOURS,ID_RESPONSABLE,ID_FACULTE,NOM_FAC,SURNOM_FAC,LOGO_FAC,ID_UNIVERSITE,NOM_UNI,VILLE,SURNOM_UNI,WEB_SITE,LOGO_UNI,CONDITION,DOCS_STRING) values ('278','Etude islamique','BAKAR','2023-07-14','2024-07-16','2024-07-27','2024-07-28','2024-07-31','15','41','Faculté des Sciences - Meknès','FSM','https://www.umi.ac.ma/wp-content/themes/umi/images/logo.png','6','Université Moulay Smail','Meknès','UMI','http://www.umi.ac.ma','https://www.umi.ac.ma/wp-content/themes/umi/images/logo.png','i love you mama','relevés de notes (S1, S2, S3, S4, S5, S6), attestation de réussite, Diplome obtenu, CV, Copie de Baccalauréat');
Insert into MEHDI.MASTER_CARD_V (ID_MASTER,SPECIALITE,NOM_COORDINATEUR,D_DEBUT_INSCRIPTION,D_FIN_INSCRIPTION,D_AFF_PRESELECTION,D_CONCOURS,D_AFF_RESULTAT_CONCOURS,ID_RESPONSABLE,ID_FACULTE,NOM_FAC,SURNOM_FAC,LOGO_FAC,ID_UNIVERSITE,NOM_UNI,VILLE,SURNOM_UNI,WEB_SITE,LOGO_UNI,CONDITION,DOCS_STRING) values ('276','WATER ANNALYS','Ahmed Mansory','2010-07-14','2024-07-15','2024-07-19','2024-07-26','2024-07-28','15','41','Faculté des Sciences - Meknès','FSM','https://www.umi.ac.ma/wp-content/themes/umi/images/logo.png','6','Université Moulay Smail','Meknès','UMI','http://www.umi.ac.ma','https://www.umi.ac.ma/wp-content/themes/umi/images/logo.png','sssss','relevés de notes (S1, S2, S3, S4, S5, S6), attestation de réussite, Diplome obtenu, CV, Copie de Baccalauréat');
Insert into MEHDI.MASTER_CARD_V (ID_MASTER,SPECIALITE,NOM_COORDINATEUR,D_DEBUT_INSCRIPTION,D_FIN_INSCRIPTION,D_AFF_PRESELECTION,D_CONCOURS,D_AFF_RESULTAT_CONCOURS,ID_RESPONSABLE,ID_FACULTE,NOM_FAC,SURNOM_FAC,LOGO_FAC,ID_UNIVERSITE,NOM_UNI,VILLE,SURNOM_UNI,WEB_SITE,LOGO_UNI,CONDITION,DOCS_STRING) values ('283','Agriculture et Systeme vegetales','AMRI YASSINE','2024-07-10','2024-07-17','2024-07-20','2024-07-21','2024-07-24','13','20','Faculté des Lettres et des Sciences Humaines - Rabat','FLSH','http://www.um5.ac.ma/um5/sites/default/files/um5-wide.png','1','Université Mohamed-V','Rabat','UM5','http://www.um5.ac.ma','http://www.um5.ac.ma/um5/sites/default/files/um5-wide.png',null,'relevés de notes (S1, S2, S3, S4, S5, S6), attestation de réussite, Diplome obtenu, CV, Copie de Baccalauréat');
Insert into MEHDI.MASTER_CARD_V (ID_MASTER,SPECIALITE,NOM_COORDINATEUR,D_DEBUT_INSCRIPTION,D_FIN_INSCRIPTION,D_AFF_PRESELECTION,D_CONCOURS,D_AFF_RESULTAT_CONCOURS,ID_RESPONSABLE,ID_FACULTE,NOM_FAC,SURNOM_FAC,LOGO_FAC,ID_UNIVERSITE,NOM_UNI,VILLE,SURNOM_UNI,WEB_SITE,LOGO_UNI,CONDITION,DOCS_STRING) values ('277','Etude francaise','MEHDI Mrzoqui','2024-07-14','2024-07-17','2024-08-04','2024-08-05','2024-08-09','15','41','Faculté des Sciences - Meknès','FSM','https://www.umi.ac.ma/wp-content/themes/umi/images/logo.png','6','Université Moulay Smail','Meknès','UMI','http://www.umi.ac.ma','https://www.umi.ac.ma/wp-content/themes/umi/images/logo.png','i love you mama','photo cv cin');
Insert into MEHDI.MASTER_CARD_V (ID_MASTER,SPECIALITE,NOM_COORDINATEUR,D_DEBUT_INSCRIPTION,D_FIN_INSCRIPTION,D_AFF_PRESELECTION,D_CONCOURS,D_AFF_RESULTAT_CONCOURS,ID_RESPONSABLE,ID_FACULTE,NOM_FAC,SURNOM_FAC,LOGO_FAC,ID_UNIVERSITE,NOM_UNI,VILLE,SURNOM_UNI,WEB_SITE,LOGO_UNI,CONDITION,DOCS_STRING) values ('284','Génie energetiques et Systemes d''information','TAILAND HASSAN','2024-02-15','2024-07-17','2024-07-19','2024-07-21','2024-07-25','13','20','Faculté des Lettres et des Sciences Humaines - Rabat','FLSH','http://www.um5.ac.ma/um5/sites/default/files/um5-wide.png','1','Université Mohamed-V','Rabat','UM5','http://www.um5.ac.ma','http://www.um5.ac.ma/um5/sites/default/files/um5-wide.png',null,'relevés de notes (S1, S2, S3, S4, S5, S6), attestation de réussite, Diplome obtenu, CV, Copie de Baccalauréat');
Insert into MEHDI.MASTER_CARD_V (ID_MASTER,SPECIALITE,NOM_COORDINATEUR,D_DEBUT_INSCRIPTION,D_FIN_INSCRIPTION,D_AFF_PRESELECTION,D_CONCOURS,D_AFF_RESULTAT_CONCOURS,ID_RESPONSABLE,ID_FACULTE,NOM_FAC,SURNOM_FAC,LOGO_FAC,ID_UNIVERSITE,NOM_UNI,VILLE,SURNOM_UNI,WEB_SITE,LOGO_UNI,CONDITION,DOCS_STRING) values ('285','WATER ANNALYS','MOHAMED ELENASARI','2024-07-15','2024-07-17','2024-07-21','2024-07-24','2024-07-31','21','4','Faculté des Sciences Appliquées - Ait Melloul','FSA','https://upload.wikimedia.org/wikipedia/commons/b/b0/Logo-UIZ.jpg','10','Université Ibn Zohr','Agadir','UIZ','http://www.uiz.ac.ma','https://upload.wikimedia.org/wikipedia/commons/b/b0/Logo-UIZ.jpg','dddd','CV LES RELéé');
REM INSERTING into MEHDI.MASTER_CONDITION_V
SET DEFINE OFF;
Insert into MEHDI.MASTER_CONDITION_V (ID_MASTER,SPECIALITE,NOM_COORDINATEUR,D_DEBUT_INSCRIPTION,D_FIN_INSCRIPTION,D_AFF_PRESELECTION,D_CONCOURS,D_AFF_RESULTAT_CONCOURS,LIEU_CONCOURS,INFORMATION,ID_RESPONSABLE,ID_CONDITION,MAX_AGE,MAX_ANNEE_ETUDE,NOTE_MIN_SEMESTRE,NOTE_SEUIL,CONDITION,DOCS_STRING) values ('279','Analyse d''image','RACHID ALAOUI','2024-07-07','2024-07-20','2024-08-12','2024-08-15','2024-08-20','Amphi A et B','ce master est destiner au étudiant des filiere scientifique .........','11','240','21','4','10','16','avoir une attestation de stage','Relvé de note S1, S2,S3,S4');
Insert into MEHDI.MASTER_CONDITION_V (ID_MASTER,SPECIALITE,NOM_COORDINATEUR,D_DEBUT_INSCRIPTION,D_FIN_INSCRIPTION,D_AFF_PRESELECTION,D_CONCOURS,D_AFF_RESULTAT_CONCOURS,LIEU_CONCOURS,INFORMATION,ID_RESPONSABLE,ID_CONDITION,MAX_AGE,MAX_ANNEE_ETUDE,NOTE_MIN_SEMESTRE,NOTE_SEUIL,CONDITION,DOCS_STRING) values ('281','Gestion des Affaires',' MME. SARA EL AOUFI','2024-07-15','2024-07-18','2024-07-22','2024-07-26','2024-07-31','Université Cadi Ayyad, Marrakech','Master en Management et Stratégie d''Entreprise
','11','242','50','6','5','10','no condition ','Les relves de note S1, S2,S3 et S4 si disponible');
Insert into MEHDI.MASTER_CONDITION_V (ID_MASTER,SPECIALITE,NOM_COORDINATEUR,D_DEBUT_INSCRIPTION,D_FIN_INSCRIPTION,D_AFF_PRESELECTION,D_CONCOURS,D_AFF_RESULTAT_CONCOURS,LIEU_CONCOURS,INFORMATION,ID_RESPONSABLE,ID_CONDITION,MAX_AGE,MAX_ANNEE_ETUDE,NOTE_MIN_SEMESTRE,NOTE_SEUIL,CONDITION,DOCS_STRING) values ('280','Intelligence Artificielle','LSARDI AHMED','2024-07-15','2024-07-22','2024-07-26','2024-07-30','2024-08-03','Departement Informatique','Lors de l''inscription, il faut attendre jusqu''à les listes sont affichés, puis se diriger vers le lieu de concours pour passer son concours, toute fausse information va éliminer l''étudiant.','12','241','25','6','12','12',null,'relevés de notes (S1, S2, S3, S4, S5, S6), attestation de réussite, Diplome obtenu, CV, Copie de Baccalauréat');
Insert into MEHDI.MASTER_CONDITION_V (ID_MASTER,SPECIALITE,NOM_COORDINATEUR,D_DEBUT_INSCRIPTION,D_FIN_INSCRIPTION,D_AFF_PRESELECTION,D_CONCOURS,D_AFF_RESULTAT_CONCOURS,LIEU_CONCOURS,INFORMATION,ID_RESPONSABLE,ID_CONDITION,MAX_AGE,MAX_ANNEE_ETUDE,NOTE_MIN_SEMESTRE,NOTE_SEUIL,CONDITION,DOCS_STRING) values ('282','Systeme Embarqués','MAATOUK KARIM','2024-07-15','2024-07-18','2024-07-20','2024-07-22','2024-07-24','Amphie D','Lors de l''inscription, il faut attendre jusqu''à les listes sont affichés, puis se diriger vers le lieu de concours pour passer son concours','12','243','26','7','12','10',null,'attestation de réussite, Diplome obtenu, CV, Copie de Baccalauréat
');
Insert into MEHDI.MASTER_CONDITION_V (ID_MASTER,SPECIALITE,NOM_COORDINATEUR,D_DEBUT_INSCRIPTION,D_FIN_INSCRIPTION,D_AFF_PRESELECTION,D_CONCOURS,D_AFF_RESULTAT_CONCOURS,LIEU_CONCOURS,INFORMATION,ID_RESPONSABLE,ID_CONDITION,MAX_AGE,MAX_ANNEE_ETUDE,NOTE_MIN_SEMESTRE,NOTE_SEUIL,CONDITION,DOCS_STRING) values ('278','Etude islamique','BAKAR','2023-07-14','2024-07-16','2024-07-27','2024-07-28','2024-07-31','Amphie D','.','15','239','99','6','10','12','i love you mama','relevés de notes (S1, S2, S3, S4, S5, S6), attestation de réussite, Diplome obtenu, CV, Copie de Baccalauréat');
Insert into MEHDI.MASTER_CONDITION_V (ID_MASTER,SPECIALITE,NOM_COORDINATEUR,D_DEBUT_INSCRIPTION,D_FIN_INSCRIPTION,D_AFF_PRESELECTION,D_CONCOURS,D_AFF_RESULTAT_CONCOURS,LIEU_CONCOURS,INFORMATION,ID_RESPONSABLE,ID_CONDITION,MAX_AGE,MAX_ANNEE_ETUDE,NOTE_MIN_SEMESTRE,NOTE_SEUIL,CONDITION,DOCS_STRING) values ('276','WATER ANNALYS','Ahmed Mansory','2010-07-14','2024-07-15','2024-07-19','2024-07-26','2024-07-28','Amphie A','.','15','237','21','3','12','12','sssss','relevés de notes (S1, S2, S3, S4, S5, S6), attestation de réussite, Diplome obtenu, CV, Copie de Baccalauréat');
Insert into MEHDI.MASTER_CONDITION_V (ID_MASTER,SPECIALITE,NOM_COORDINATEUR,D_DEBUT_INSCRIPTION,D_FIN_INSCRIPTION,D_AFF_PRESELECTION,D_CONCOURS,D_AFF_RESULTAT_CONCOURS,LIEU_CONCOURS,INFORMATION,ID_RESPONSABLE,ID_CONDITION,MAX_AGE,MAX_ANNEE_ETUDE,NOTE_MIN_SEMESTRE,NOTE_SEUIL,CONDITION,DOCS_STRING) values ('283','Agriculture et Systeme vegetales','AMRI YASSINE','2024-07-10','2024-07-17','2024-07-20','2024-07-21','2024-07-24','Faculté des sciences departement de chimie','Lors de l''inscription, il faut attendre jusqu''à les listes sont affichés, puis se diriger vers le lieu de concours pour passer son concours, toute fausse information va éliminer l''étudiant.','13','244','30','10','11','10',null,'relevés de notes (S1, S2, S3, S4, S5, S6), attestation de réussite, Diplome obtenu, CV, Copie de Baccalauréat');
Insert into MEHDI.MASTER_CONDITION_V (ID_MASTER,SPECIALITE,NOM_COORDINATEUR,D_DEBUT_INSCRIPTION,D_FIN_INSCRIPTION,D_AFF_PRESELECTION,D_CONCOURS,D_AFF_RESULTAT_CONCOURS,LIEU_CONCOURS,INFORMATION,ID_RESPONSABLE,ID_CONDITION,MAX_AGE,MAX_ANNEE_ETUDE,NOTE_MIN_SEMESTRE,NOTE_SEUIL,CONDITION,DOCS_STRING) values ('277','Etude francaise','MEHDI Mrzoqui','2024-07-14','2024-07-17','2024-08-04','2024-08-05','2024-08-09','Lina school ifrane','tacos sop','15','238','50','3','10','12','i love you mama','photo cv cin');
Insert into MEHDI.MASTER_CONDITION_V (ID_MASTER,SPECIALITE,NOM_COORDINATEUR,D_DEBUT_INSCRIPTION,D_FIN_INSCRIPTION,D_AFF_PRESELECTION,D_CONCOURS,D_AFF_RESULTAT_CONCOURS,LIEU_CONCOURS,INFORMATION,ID_RESPONSABLE,ID_CONDITION,MAX_AGE,MAX_ANNEE_ETUDE,NOTE_MIN_SEMESTRE,NOTE_SEUIL,CONDITION,DOCS_STRING) values ('284','Génie energetiques et Systemes d''information','TAILAND HASSAN','2024-02-15','2024-07-17','2024-07-19','2024-07-21','2024-07-25','Bloc 6.9','Lors de l''inscription, il faut attendre jusqu''à les listes sont affichés, puis se diriger vers le lieu de concours pour passer son concours, toute fausse information va éliminer l''étudiant.','13','245','40','9','10','10',null,'relevés de notes (S1, S2, S3, S4, S5, S6), attestation de réussite, Diplome obtenu, CV, Copie de Baccalauréat');
Insert into MEHDI.MASTER_CONDITION_V (ID_MASTER,SPECIALITE,NOM_COORDINATEUR,D_DEBUT_INSCRIPTION,D_FIN_INSCRIPTION,D_AFF_PRESELECTION,D_CONCOURS,D_AFF_RESULTAT_CONCOURS,LIEU_CONCOURS,INFORMATION,ID_RESPONSABLE,ID_CONDITION,MAX_AGE,MAX_ANNEE_ETUDE,NOTE_MIN_SEMESTRE,NOTE_SEUIL,CONDITION,DOCS_STRING) values ('285','WATER ANNALYS','MOHAMED ELENASARI','2024-07-15','2024-07-17','2024-07-21','2024-07-24','2024-07-31','AZZZZZZZZZZ','XXCCC','21','246','21','3','10','12','dddd','CV LES RELéé');
REM INSERTING into MEHDI.MASTER_FILIER_ADMET_V
SET DEFINE OFF;
Insert into MEHDI.MASTER_FILIER_ADMET_V (ID_MASTER,ID_FIL_LICENCE,NOM_FIL,SURNOM_FIL) values ('280','2','Sciences Mathématiques et informatique','SMI');
Insert into MEHDI.MASTER_FILIER_ADMET_V (ID_MASTER,ID_FIL_LICENCE,NOM_FIL,SURNOM_FIL) values ('279','1','Sciences Mathématiques et applications','SMA');
Insert into MEHDI.MASTER_FILIER_ADMET_V (ID_MASTER,ID_FIL_LICENCE,NOM_FIL,SURNOM_FIL) values ('280','3','Sciences de la matière Chimie','SMC');
Insert into MEHDI.MASTER_FILIER_ADMET_V (ID_MASTER,ID_FIL_LICENCE,NOM_FIL,SURNOM_FIL) values ('279','2','Sciences Mathématiques et informatique','SMI');
Insert into MEHDI.MASTER_FILIER_ADMET_V (ID_MASTER,ID_FIL_LICENCE,NOM_FIL,SURNOM_FIL) values ('279','4','Sciences de la matière Physique','SMP');
Insert into MEHDI.MASTER_FILIER_ADMET_V (ID_MASTER,ID_FIL_LICENCE,NOM_FIL,SURNOM_FIL) values ('280','1','Sciences Mathématiques et applications','SMA');
Insert into MEHDI.MASTER_FILIER_ADMET_V (ID_MASTER,ID_FIL_LICENCE,NOM_FIL,SURNOM_FIL) values ('280','4','Sciences de la matière Physique','SMP');
Insert into MEHDI.MASTER_FILIER_ADMET_V (ID_MASTER,ID_FIL_LICENCE,NOM_FIL,SURNOM_FIL) values ('280','5','Sciences de la terre et de l univers','STU');
Insert into MEHDI.MASTER_FILIER_ADMET_V (ID_MASTER,ID_FIL_LICENCE,NOM_FIL,SURNOM_FIL) values ('280','6','GéniSciences de la vie','SV');
Insert into MEHDI.MASTER_FILIER_ADMET_V (ID_MASTER,ID_FIL_LICENCE,NOM_FIL,SURNOM_FIL) values ('280','7','Droit Arabe','DA');
Insert into MEHDI.MASTER_FILIER_ADMET_V (ID_MASTER,ID_FIL_LICENCE,NOM_FIL,SURNOM_FIL) values ('280','8','Droit Français','DF');
Insert into MEHDI.MASTER_FILIER_ADMET_V (ID_MASTER,ID_FIL_LICENCE,NOM_FIL,SURNOM_FIL) values ('280','9','économie et Gestion','EG');
Insert into MEHDI.MASTER_FILIER_ADMET_V (ID_MASTER,ID_FIL_LICENCE,NOM_FIL,SURNOM_FIL) values ('280','10','Biologie végétale appliquée','BVA');
Insert into MEHDI.MASTER_FILIER_ADMET_V (ID_MASTER,ID_FIL_LICENCE,NOM_FIL,SURNOM_FIL) values ('280','11','Chimie fondamentale et appliqué','CFA');
Insert into MEHDI.MASTER_FILIER_ADMET_V (ID_MASTER,ID_FIL_LICENCE,NOM_FIL,SURNOM_FIL) values ('280','12','Géoscience appliquée','GA');
Insert into MEHDI.MASTER_FILIER_ADMET_V (ID_MASTER,ID_FIL_LICENCE,NOM_FIL,SURNOM_FIL) values ('280','13','Mathématiques appliquées','MA');
Insert into MEHDI.MASTER_FILIER_ADMET_V (ID_MASTER,ID_FIL_LICENCE,NOM_FIL,SURNOM_FIL) values ('280','14','?tudes islamiques','EI');
Insert into MEHDI.MASTER_FILIER_ADMET_V (ID_MASTER,ID_FIL_LICENCE,NOM_FIL,SURNOM_FIL) values ('280','15','Histoire et civilisation','HC');
Insert into MEHDI.MASTER_FILIER_ADMET_V (ID_MASTER,ID_FIL_LICENCE,NOM_FIL,SURNOM_FIL) values ('280','16','Géographie','GEO');
Insert into MEHDI.MASTER_FILIER_ADMET_V (ID_MASTER,ID_FIL_LICENCE,NOM_FIL,SURNOM_FIL) values ('280','17','?tudes françaises','EF');
Insert into MEHDI.MASTER_FILIER_ADMET_V (ID_MASTER,ID_FIL_LICENCE,NOM_FIL,SURNOM_FIL) values ('280','18','?tudes arabes','EAR');
Insert into MEHDI.MASTER_FILIER_ADMET_V (ID_MASTER,ID_FIL_LICENCE,NOM_FIL,SURNOM_FIL) values ('280','19','?tudes anglaises','EAN');
Insert into MEHDI.MASTER_FILIER_ADMET_V (ID_MASTER,ID_FIL_LICENCE,NOM_FIL,SURNOM_FIL) values ('280','20','Tourisme et communication','TC');
Insert into MEHDI.MASTER_FILIER_ADMET_V (ID_MASTER,ID_FIL_LICENCE,NOM_FIL,SURNOM_FIL) values ('280','21','Sociologie ','SOCIO');
Insert into MEHDI.MASTER_FILIER_ADMET_V (ID_MASTER,ID_FIL_LICENCE,NOM_FIL,SURNOM_FIL) values ('280','22','Phylosophie','PHILO');
Insert into MEHDI.MASTER_FILIER_ADMET_V (ID_MASTER,ID_FIL_LICENCE,NOM_FIL,SURNOM_FIL) values ('281','15','Histoire et civilisation','HC');
Insert into MEHDI.MASTER_FILIER_ADMET_V (ID_MASTER,ID_FIL_LICENCE,NOM_FIL,SURNOM_FIL) values ('281','16','Géographie','GEO');
Insert into MEHDI.MASTER_FILIER_ADMET_V (ID_MASTER,ID_FIL_LICENCE,NOM_FIL,SURNOM_FIL) values ('281','17','?tudes françaises','EF');
Insert into MEHDI.MASTER_FILIER_ADMET_V (ID_MASTER,ID_FIL_LICENCE,NOM_FIL,SURNOM_FIL) values ('282','1','Sciences Mathématiques et applications','SMA');
Insert into MEHDI.MASTER_FILIER_ADMET_V (ID_MASTER,ID_FIL_LICENCE,NOM_FIL,SURNOM_FIL) values ('282','2','Sciences Mathématiques et informatique','SMI');
Insert into MEHDI.MASTER_FILIER_ADMET_V (ID_MASTER,ID_FIL_LICENCE,NOM_FIL,SURNOM_FIL) values ('282','3','Sciences de la matière Chimie','SMC');
Insert into MEHDI.MASTER_FILIER_ADMET_V (ID_MASTER,ID_FIL_LICENCE,NOM_FIL,SURNOM_FIL) values ('283','4','Sciences de la matière Physique','SMP');
Insert into MEHDI.MASTER_FILIER_ADMET_V (ID_MASTER,ID_FIL_LICENCE,NOM_FIL,SURNOM_FIL) values ('283','5','Sciences de la terre et de l univers','STU');
Insert into MEHDI.MASTER_FILIER_ADMET_V (ID_MASTER,ID_FIL_LICENCE,NOM_FIL,SURNOM_FIL) values ('284','20','Tourisme et communication','TC');
Insert into MEHDI.MASTER_FILIER_ADMET_V (ID_MASTER,ID_FIL_LICENCE,NOM_FIL,SURNOM_FIL) values ('276','1','Sciences Mathématiques et applications','SMA');
Insert into MEHDI.MASTER_FILIER_ADMET_V (ID_MASTER,ID_FIL_LICENCE,NOM_FIL,SURNOM_FIL) values ('277','2','Sciences Mathématiques et informatique','SMI');
Insert into MEHDI.MASTER_FILIER_ADMET_V (ID_MASTER,ID_FIL_LICENCE,NOM_FIL,SURNOM_FIL) values ('284','21','Sociologie ','SOCIO');
Insert into MEHDI.MASTER_FILIER_ADMET_V (ID_MASTER,ID_FIL_LICENCE,NOM_FIL,SURNOM_FIL) values ('284','22','Phylosophie','PHILO');
Insert into MEHDI.MASTER_FILIER_ADMET_V (ID_MASTER,ID_FIL_LICENCE,NOM_FIL,SURNOM_FIL) values ('285','1','Sciences Mathématiques et applications','SMA');
REM INSERTING into MEHDI.PRESELECTION_ETUDIANT_MASTER_V
SET DEFINE OFF;
Insert into MEHDI.PRESELECTION_ETUDIANT_MASTER_V (ID_PS,ID_MASTER,ID_ETUDIANT,ID_INSCRIPTION,CIN,MASSAR,NOM,PRENOM,SCORE) values ('473','277','30','141','DV29315','M1365791','HAJIBA','RAIS',null);
Insert into MEHDI.PRESELECTION_ETUDIANT_MASTER_V (ID_PS,ID_MASTER,ID_ETUDIANT,ID_INSCRIPTION,CIN,MASSAR,NOM,PRENOM,SCORE) values ('477','277','31','142','DB27164','M136340564','MEHDI','HAMMIOU',null);
Insert into MEHDI.PRESELECTION_ETUDIANT_MASTER_V (ID_PS,ID_MASTER,ID_ETUDIANT,ID_INSCRIPTION,CIN,MASSAR,NOM,PRENOM,SCORE) values ('467','277','33','161','DB15848','M123456','TAHA ','HAMMADATE ',null);
Insert into MEHDI.PRESELECTION_ETUDIANT_MASTER_V (ID_PS,ID_MASTER,ID_ETUDIANT,ID_INSCRIPTION,CIN,MASSAR,NOM,PRENOM,SCORE) values ('466','278','33','181','DB15848','M123456','TAHA ','HAMMADATE ','12');
Insert into MEHDI.PRESELECTION_ETUDIANT_MASTER_V (ID_PS,ID_MASTER,ID_ETUDIANT,ID_INSCRIPTION,CIN,MASSAR,NOM,PRENOM,SCORE) values ('471','277','18','7','23456789b','234b56789','Johnson','Bob','15');
Insert into MEHDI.PRESELECTION_ETUDIANT_MASTER_V (ID_PS,ID_MASTER,ID_ETUDIANT,ID_INSCRIPTION,CIN,MASSAR,NOM,PRENOM,SCORE) values ('475','277','19','8','34567890c','345c67890','Williams','Carol','15');
Insert into MEHDI.PRESELECTION_ETUDIANT_MASTER_V (ID_PS,ID_MASTER,ID_ETUDIANT,ID_INSCRIPTION,CIN,MASSAR,NOM,PRENOM,SCORE) values ('482','277','20','9','45678901d','456d78901','Brown','David','13');
Insert into MEHDI.PRESELECTION_ETUDIANT_MASTER_V (ID_PS,ID_MASTER,ID_ETUDIANT,ID_INSCRIPTION,CIN,MASSAR,NOM,PRENOM,SCORE) values ('480','277','21','10','56789012e','567e89012','Jones','Emma','0');
Insert into MEHDI.PRESELECTION_ETUDIANT_MASTER_V (ID_PS,ID_MASTER,ID_ETUDIANT,ID_INSCRIPTION,CIN,MASSAR,NOM,PRENOM,SCORE) values ('476','277','22','12','67890123m','678m90123','Taylor','Michael',null);
Insert into MEHDI.PRESELECTION_ETUDIANT_MASTER_V (ID_PS,ID_MASTER,ID_ETUDIANT,ID_INSCRIPTION,CIN,MASSAR,NOM,PRENOM,SCORE) values ('483','277','23','13','78901234s','789s01234','Harris','Sophia',null);
Insert into MEHDI.PRESELECTION_ETUDIANT_MASTER_V (ID_PS,ID_MASTER,ID_ETUDIANT,ID_INSCRIPTION,CIN,MASSAR,NOM,PRENOM,SCORE) values ('469','277','24','14','89012345j','890j12345','Martinez','James',null);
Insert into MEHDI.PRESELECTION_ETUDIANT_MASTER_V (ID_PS,ID_MASTER,ID_ETUDIANT,ID_INSCRIPTION,CIN,MASSAR,NOM,PRENOM,SCORE) values ('472','277','25','15','90123456o','901o23456','Clark','Olivia',null);
Insert into MEHDI.PRESELECTION_ETUDIANT_MASTER_V (ID_PS,ID_MASTER,ID_ETUDIANT,ID_INSCRIPTION,CIN,MASSAR,NOM,PRENOM,SCORE) values ('484','277','26','16','01234567l','012l34567','Anderson','Liam','12');
Insert into MEHDI.PRESELECTION_ETUDIANT_MASTER_V (ID_PS,ID_MASTER,ID_ETUDIANT,ID_INSCRIPTION,CIN,MASSAR,NOM,PRENOM,SCORE) values ('470','277','1','1','12345678s','123s45890','Doe','John','20');
Insert into MEHDI.PRESELECTION_ETUDIANT_MASTER_V (ID_PS,ID_MASTER,ID_ETUDIANT,ID_INSCRIPTION,CIN,MASSAR,NOM,PRENOM,SCORE) values ('474','277','2','2','87654321C','54321678A','Smith','Alice','19');
Insert into MEHDI.PRESELECTION_ETUDIANT_MASTER_V (ID_PS,ID_MASTER,ID_ETUDIANT,ID_INSCRIPTION,CIN,MASSAR,NOM,PRENOM,SCORE) values ('481','277','3','3','76543210B','23456789B','Johnson','Robert','23');
Insert into MEHDI.PRESELECTION_ETUDIANT_MASTER_V (ID_PS,ID_MASTER,ID_ETUDIANT,ID_INSCRIPTION,CIN,MASSAR,NOM,PRENOM,SCORE) values ('478','277','4','4','56789012A','34567890A','Williams','Emma','13');
Insert into MEHDI.PRESELECTION_ETUDIANT_MASTER_V (ID_PS,ID_MASTER,ID_ETUDIANT,ID_INSCRIPTION,CIN,MASSAR,NOM,PRENOM,SCORE) values ('479','277','5','5','321654987C','12345678C','Brown','James','10');
Insert into MEHDI.PRESELECTION_ETUDIANT_MASTER_V (ID_PS,ID_MASTER,ID_ETUDIANT,ID_INSCRIPTION,CIN,MASSAR,NOM,PRENOM,SCORE) values ('468','277','6','6','987654321M','87654321M','Martinez','Sofia',null);
REM INSERTING into MEHDI.PROFILE
SET DEFINE OFF;
Insert into MEHDI.PROFILE (ID_ETUDIANT,NOM,PRENOM,D_NAISS,SEXE,TELE,EMAIL,PASSWORD,NATIONALITE,CIN,MASSAR,D_LICENCE,D_BAC,FIL_BAC,MOY_LICENCE,MOY_BAC,N_S1,N_S2,N_S3,N_S4,N_S5,N_S6,NOM_FIL,NOM_FAC,D_PR_INSCRIPTION) values ('30','HAJIBA','RAIS','1969-07-04','female','0615708193','Hjiba@gmail.com','$2a$10$p56EddIoklf47WjTsOaDueGqrqq/82d9t48xuOmSGevBKT6xzxcM6','marocain','DV29315','M1365791','2024-07-31','2024-08-02','Physuc','10','12','19','12','10','13','15','17','Sciences Mathématiques et informatique','Faculté des sciences - Agadir','2024-07-19');
Insert into MEHDI.PROFILE (ID_ETUDIANT,NOM,PRENOM,D_NAISS,SEXE,TELE,EMAIL,PASSWORD,NATIONALITE,CIN,MASSAR,D_LICENCE,D_BAC,FIL_BAC,MOY_LICENCE,MOY_BAC,N_S1,N_S2,N_S3,N_S4,N_S5,N_S6,NOM_FIL,NOM_FAC,D_PR_INSCRIPTION) values ('31','MEHDI','HAMMIOU','2024-07-20','male','0615708193','Mehdi1@gmail.com','$2a$10$rmm8fpOExgiV3KkwnaELuuZEN.J4VqBNBj/cAEvlCvotSGtMx9KHi','algerien','DB27164','M136340564','2024-07-23','2024-07-26','pc','19','19','19','19','19','19','19','19','Sciences Mathématiques et applications','Faculté des sciences - Agadir','2024-07-13');
Insert into MEHDI.PROFILE (ID_ETUDIANT,NOM,PRENOM,D_NAISS,SEXE,TELE,EMAIL,PASSWORD,NATIONALITE,CIN,MASSAR,D_LICENCE,D_BAC,FIL_BAC,MOY_LICENCE,MOY_BAC,N_S1,N_S2,N_S3,N_S4,N_S5,N_S6,NOM_FIL,NOM_FAC,D_PR_INSCRIPTION) values ('33','TAHA ','HAMMADATE ','2003-02-01','male','0615708193','Taha@gmail.com','$2a$10$C58Bm62ysbP4sKuVr8oI2.5JY5uPyFvMfUaX14wxL9C1kpVE7aCIm','marocain','DB15848','M123456','2024-08-10','2024-07-09','Phisycs','12','12','12','19','15','13','13','10','Sciences Mathématiques et applications','Faculté des sciences - Agadir','2024-07-23');
Insert into MEHDI.PROFILE (ID_ETUDIANT,NOM,PRENOM,D_NAISS,SEXE,TELE,EMAIL,PASSWORD,NATIONALITE,CIN,MASSAR,D_LICENCE,D_BAC,FIL_BAC,MOY_LICENCE,MOY_BAC,N_S1,N_S2,N_S3,N_S4,N_S5,N_S6,NOM_FIL,NOM_FAC,D_PR_INSCRIPTION) values ('18','Johnson','Bob','1992-03-03','Male','234567890','bob.johnson@example.com','securePass789','Canadian','23456789b','234b56789','2012-03-03','2010-03-03','Commerce','8,2','8,4','7,8','8,1','7,9','8,3','8','8,4','Sciences de la matière Chimie','Faculté des sciences juridiques, économiques et sociales-Ait-Melloul - Ait Melloul','2018-10-10');
Insert into MEHDI.PROFILE (ID_ETUDIANT,NOM,PRENOM,D_NAISS,SEXE,TELE,EMAIL,PASSWORD,NATIONALITE,CIN,MASSAR,D_LICENCE,D_BAC,FIL_BAC,MOY_LICENCE,MOY_BAC,N_S1,N_S2,N_S3,N_S4,N_S5,N_S6,NOM_FIL,NOM_FAC,D_PR_INSCRIPTION) values ('19','Williams','Carol','1993-04-04','Female','345678901','carol.williams@example.com','passCarol123','Australian','34567890c','345c67890','2013-04-04','2011-04-04','Engineering','8,7','8,9','8,5','8,6','8,3','8,8','8,7','8,9','Sciences de la matière Physique','Faculté des Sciences Appliquées - Ait Melloul','2017-11-15');
Insert into MEHDI.PROFILE (ID_ETUDIANT,NOM,PRENOM,D_NAISS,SEXE,TELE,EMAIL,PASSWORD,NATIONALITE,CIN,MASSAR,D_LICENCE,D_BAC,FIL_BAC,MOY_LICENCE,MOY_BAC,N_S1,N_S2,N_S3,N_S4,N_S5,N_S6,NOM_FIL,NOM_FAC,D_PR_INSCRIPTION) values ('20','Brown','David','1994-05-05','Male','456789012','david.brown@example.com','davidPass456','New Zealander','45678901d','456d78901','2014-05-05','2012-05-05','Medicine','9','8,6','8,2','8,9','8,5','8,8','9,1','9,2','Sciences de la terre et de l univers','Faculté des Langues  Arts et Sciences Humaines - Ait Melloul','2016-08-20');
Insert into MEHDI.PROFILE (ID_ETUDIANT,NOM,PRENOM,D_NAISS,SEXE,TELE,EMAIL,PASSWORD,NATIONALITE,CIN,MASSAR,D_LICENCE,D_BAC,FIL_BAC,MOY_LICENCE,MOY_BAC,N_S1,N_S2,N_S3,N_S4,N_S5,N_S6,NOM_FIL,NOM_FAC,D_PR_INSCRIPTION) values ('21','Jones','Emma','1995-06-06','Female','567890123','emma.jones@example.com','emmaSecure123','Irish','56789012e','567e89012','2015-06-06','2013-06-06','Law','8,4','8,7','8','8,3','8,1','8,6','8,4','8,8','GéniSciences de la vie','Faculté des Lettres et des Sciences Humaines - Agadir','2015-07-25');
Insert into MEHDI.PROFILE (ID_ETUDIANT,NOM,PRENOM,D_NAISS,SEXE,TELE,EMAIL,PASSWORD,NATIONALITE,CIN,MASSAR,D_LICENCE,D_BAC,FIL_BAC,MOY_LICENCE,MOY_BAC,N_S1,N_S2,N_S3,N_S4,N_S5,N_S6,NOM_FIL,NOM_FAC,D_PR_INSCRIPTION) values ('22','Taylor','Michael','1996-07-07','Male','678901234','michael.taylor@example.com','michaelPass789','American','67890123m','678m90123','2016-07-07','2014-07-07','Computer Science','9,1','8,8','8,7','8,9','9','8,8','9,2','9,1','Droit Arabe','Faculté Chariâa - Ait Melloul','2019-01-01');
Insert into MEHDI.PROFILE (ID_ETUDIANT,NOM,PRENOM,D_NAISS,SEXE,TELE,EMAIL,PASSWORD,NATIONALITE,CIN,MASSAR,D_LICENCE,D_BAC,FIL_BAC,MOY_LICENCE,MOY_BAC,N_S1,N_S2,N_S3,N_S4,N_S5,N_S6,NOM_FIL,NOM_FAC,D_PR_INSCRIPTION) values ('23','Harris','Sophia','1997-08-08','Female','789012345','sophia.harris@example.com','sophiaSecure456','Canadian','78901234s','789s01234','2017-08-08','2015-08-08','Mathematics','8,6','8,4','8,1','8,3','8,2','8,5','8,7','8,9','Droit Français','Faculté Chariâa - Smara','2018-05-15');
Insert into MEHDI.PROFILE (ID_ETUDIANT,NOM,PRENOM,D_NAISS,SEXE,TELE,EMAIL,PASSWORD,NATIONALITE,CIN,MASSAR,D_LICENCE,D_BAC,FIL_BAC,MOY_LICENCE,MOY_BAC,N_S1,N_S2,N_S3,N_S4,N_S5,N_S6,NOM_FIL,NOM_FAC,D_PR_INSCRIPTION) values ('24','Martinez','James','1998-09-09','Male','890123456','james.martinez@example.com','jamesPass123','Mexican','89012345j','890j12345','2018-09-09','2016-09-09','Physics','8,3','8,5','8','8,2','8,4','8,3','8,5','8,6','économie et Gestion','Faculté des Sciences - Casablanca','2017-02-20');
Insert into MEHDI.PROFILE (ID_ETUDIANT,NOM,PRENOM,D_NAISS,SEXE,TELE,EMAIL,PASSWORD,NATIONALITE,CIN,MASSAR,D_LICENCE,D_BAC,FIL_BAC,MOY_LICENCE,MOY_BAC,N_S1,N_S2,N_S3,N_S4,N_S5,N_S6,NOM_FIL,NOM_FAC,D_PR_INSCRIPTION) values ('25','Clark','Olivia','1999-10-10','Female','901234567','midouhammioui@gmail.com','oliviaSecure789','Australian','90123456o','901o23456','2019-10-10','2017-10-10','Chemistry','8,9','8,7','8,4','8,6','8,5','8,8','8,9','9','Biologie végétale appliquée','Faculté des Lettres et Sciences Humaines - Casablanca','2016-09-30');
Insert into MEHDI.PROFILE (ID_ETUDIANT,NOM,PRENOM,D_NAISS,SEXE,TELE,EMAIL,PASSWORD,NATIONALITE,CIN,MASSAR,D_LICENCE,D_BAC,FIL_BAC,MOY_LICENCE,MOY_BAC,N_S1,N_S2,N_S3,N_S4,N_S5,N_S6,NOM_FIL,NOM_FAC,D_PR_INSCRIPTION) values ('1','Doe','John','1990-01-01','Male','123456789','midouhamioui@gmail.com','password123','American','12345678s','123s45890','2010-01-01','2008-01-01','Science','8,5','8,5','7,5','8,5','7,5','8,5','7,5','8,5','Sciences Mathématiques et applications','Faculté des sciences - Agadir','1990-01-01');
Insert into MEHDI.PROFILE (ID_ETUDIANT,NOM,PRENOM,D_NAISS,SEXE,TELE,EMAIL,PASSWORD,NATIONALITE,CIN,MASSAR,D_LICENCE,D_BAC,FIL_BAC,MOY_LICENCE,MOY_BAC,N_S1,N_S2,N_S3,N_S4,N_S5,N_S6,NOM_FIL,NOM_FAC,D_PR_INSCRIPTION) values ('2','Smith','Alice','1992-03-15','Female','987654321','mosco@gmail.com','password123','Canadian','87654321C','54321678A','2012-06-01','2010-06-01','Mathematics','7,8','8,2','7,7','8,1','7,6','8','7,5','8,3','Sciences Mathématiques et informatique','Faculté des sciences juridiques, économiques et sociales-Ait-Melloul - Ait Melloul','1992-03-15');
Insert into MEHDI.PROFILE (ID_ETUDIANT,NOM,PRENOM,D_NAISS,SEXE,TELE,EMAIL,PASSWORD,NATIONALITE,CIN,MASSAR,D_LICENCE,D_BAC,FIL_BAC,MOY_LICENCE,MOY_BAC,N_S1,N_S2,N_S3,N_S4,N_S5,N_S6,NOM_FIL,NOM_FAC,D_PR_INSCRIPTION) values ('3','Johnson','Robert','1988-11-25','Male','555666777','nightmaremaroc@gmail.com','securepass','British','76543210B','23456789B','2009-05-20','2007-05-20','Engineering','9','8,7','8,9','8,8','8,7','8,6','8,5','8,4','Sciences de la matière Chimie','Faculté des Sciences Appliquées - Ait Melloul','1988-11-25');
Insert into MEHDI.PROFILE (ID_ETUDIANT,NOM,PRENOM,D_NAISS,SEXE,TELE,EMAIL,PASSWORD,NATIONALITE,CIN,MASSAR,D_LICENCE,D_BAC,FIL_BAC,MOY_LICENCE,MOY_BAC,N_S1,N_S2,N_S3,N_S4,N_S5,N_S6,NOM_FIL,NOM_FAC,D_PR_INSCRIPTION) values ('4','Williams','Emma','1995-07-14','Female','444555666','e.hammioui@edu.umi.ac.ma','mypassword','Australian','56789012A','34567890A','2014-08-25','2012-08-25','Literature','8,3','8,5','8,1','8,4','8,2','8,6','8','8,7','Sciences de la matière Physique','Faculté des Langues  Arts et Sciences Humaines - Ait Melloul','1995-07-14');
Insert into MEHDI.PROFILE (ID_ETUDIANT,NOM,PRENOM,D_NAISS,SEXE,TELE,EMAIL,PASSWORD,NATIONALITE,CIN,MASSAR,D_LICENCE,D_BAC,FIL_BAC,MOY_LICENCE,MOY_BAC,N_S1,N_S2,N_S3,N_S4,N_S5,N_S6,NOM_FIL,NOM_FAC,D_PR_INSCRIPTION) values ('5','Brown','James','1993-12-05','Male','123123123','midouihammioui@gmail.com','pass1234','American','321654987C','12345678C','2013-07-30','2011-07-30','Physics','8','8,1','8,2','8,3','8,4','8,5','8,6','8,7','Sciences de la terre et de l univers','Faculté des Lettres et des Sciences Humaines - Agadir','1993-12-05');
Insert into MEHDI.PROFILE (ID_ETUDIANT,NOM,PRENOM,D_NAISS,SEXE,TELE,EMAIL,PASSWORD,NATIONALITE,CIN,MASSAR,D_LICENCE,D_BAC,FIL_BAC,MOY_LICENCE,MOY_BAC,N_S1,N_S2,N_S3,N_S4,N_S5,N_S6,NOM_FIL,NOM_FAC,D_PR_INSCRIPTION) values ('6','Martinez','Sofia','1991-04-22','Female','111222333','sofia.martinez@example.com','password456','Mexican','987654321M','87654321M','2011-05-15','2009-05-15','Chemistry','8,4','8,3','8,2','8,1','8','7,9','7,8','7,7','GéniSciences de la vie','Faculté Chariâa - Ait Melloul','1991-04-22');
Insert into MEHDI.PROFILE (ID_ETUDIANT,NOM,PRENOM,D_NAISS,SEXE,TELE,EMAIL,PASSWORD,NATIONALITE,CIN,MASSAR,D_LICENCE,D_BAC,FIL_BAC,MOY_LICENCE,MOY_BAC,N_S1,N_S2,N_S3,N_S4,N_S5,N_S6,NOM_FIL,NOM_FAC,D_PR_INSCRIPTION) values ('29','HAMMIOUI ','ELMEHDI','2003-01-21','male','0615708193','Med@gmail.com','$2a$10$h1g6LDkHo9BwSX6QwS950uggYd92U6jgmEn0cdwiWTyTwoh0xMZOO','marocain','DB29164','M136240564','2024-07-24','2024-07-21','PC','12','12','12','12','12','12','12','12','Sciences de la matière Physique','Faculté des sciences - Agadir','2024-07-15');
Insert into MEHDI.PROFILE (ID_ETUDIANT,NOM,PRENOM,D_NAISS,SEXE,TELE,EMAIL,PASSWORD,NATIONALITE,CIN,MASSAR,D_LICENCE,D_BAC,FIL_BAC,MOY_LICENCE,MOY_BAC,N_S1,N_S2,N_S3,N_S4,N_S5,N_S6,NOM_FIL,NOM_FAC,D_PR_INSCRIPTION) values ('34','HAMMADATE','THAA','2004-02-07','male','0612345678','adam123@GMAIL.COM','$2a$10$JbaEtX70RltTMHm64GJKzOZo0D5wyvEnFBQl99fyiUC.0D7zseFY6','marocain','DO123456','M135434567','2024-04-15','2018-12-07','VF','14','13','15','16','17','16','16','16','Sciences Mathématiques et applications','Faculté des Sciences Appliquées - Ait Melloul','2020-06-02');
REM INSERTING into MEHDI.PUBLICATION_V
SET DEFINE OFF;
Insert into MEHDI.PUBLICATION_V (ID_PUBLICATION,ID_MASTER,TYPE_PUB,DATE_PUBLICATION,TITRE,SOUS_TITRE,NOM_UNI,NOM_FAC,VILLE,LOGO_UNI) values ('302','278','LFA','15/07/2024','Résultat du concours du  master Etude islamique ','Veuilez déposer votre dossier avant le 12/08','Université Moulay Smail','Faculté des Sciences - Meknès','Meknès','https://www.umi.ac.ma/wp-content/themes/umi/images/logo.png');
Insert into MEHDI.PUBLICATION_V (ID_PUBLICATION,ID_MASTER,TYPE_PUB,DATE_PUBLICATION,TITRE,SOUS_TITRE,NOM_UNI,NOM_FAC,VILLE,LOGO_UNI) values ('301','278','PRE','15/07/2024','Résultat du préselection au master Etude islamique','Les étudiants présélectionnés sont convoqués pour passer le concours le 2024-07-28 à 08:30h','Université Moulay Smail','Faculté des Sciences - Meknès','Meknès','https://www.umi.ac.ma/wp-content/themes/umi/images/logo.png');
Insert into MEHDI.PUBLICATION_V (ID_PUBLICATION,ID_MASTER,TYPE_PUB,DATE_PUBLICATION,TITRE,SOUS_TITRE,NOM_UNI,NOM_FAC,VILLE,LOGO_UNI) values ('304','277','LFA','15/07/2024','Résultat du concours du  master Etude francaise ','veuilez votre dossier ','Université Moulay Smail','Faculté des Sciences - Meknès','Meknès','https://www.umi.ac.ma/wp-content/themes/umi/images/logo.png');
Insert into MEHDI.PUBLICATION_V (ID_PUBLICATION,ID_MASTER,TYPE_PUB,DATE_PUBLICATION,TITRE,SOUS_TITRE,NOM_UNI,NOM_FAC,VILLE,LOGO_UNI) values ('303','277','PRE','15/07/2024','Résultat du préselection au master Etude francaise','Les étudiants présélectionnés sont convoqués pour passer le concours le 2024-08-05 à  12/02','Université Moulay Smail','Faculté des Sciences - Meknès','Meknès','https://www.umi.ac.ma/wp-content/themes/umi/images/logo.png');
REM INSERTING into MEHDI.RESPONSABLE_FACULTE_UNIVERSITE_V
SET DEFINE OFF;
Insert into MEHDI.RESPONSABLE_FACULTE_UNIVERSITE_V (ID_RESPONSABLE,EMAIL,ID_FACULTE,NOM_FAC,SURNOM_FAC,LOGO_FAC,ID_UNIVERSITE,NOM_UNI,VILLE,SURNOM_UNI,WEB_SITE,LOGO_UNI) values ('13','UM5flsh@gmail.com','20','Faculté des Lettres et des Sciences Humaines - Rabat','FLSH','http://www.um5.ac.ma/um5/sites/default/files/um5-wide.png','1','Université Mohamed-V','Rabat','UM5','http://www.um5.ac.ma','http://www.um5.ac.ma/um5/sites/default/files/um5-wide.png');
Insert into MEHDI.RESPONSABLE_FACULTE_UNIVERSITE_V (ID_RESPONSABLE,EMAIL,ID_FACULTE,NOM_FAC,SURNOM_FAC,LOGO_FAC,ID_UNIVERSITE,NOM_UNI,VILLE,SURNOM_UNI,WEB_SITE,LOGO_UNI) values ('15','UMIfs@gmail.com','41','Faculté des Sciences - Meknès','FSM','https://www.umi.ac.ma/wp-content/themes/umi/images/logo.png','6','Université Moulay Smail','Meknès','UMI','http://www.umi.ac.ma','https://www.umi.ac.ma/wp-content/themes/umi/images/logo.png');
Insert into MEHDI.RESPONSABLE_FACULTE_UNIVERSITE_V (ID_RESPONSABLE,EMAIL,ID_FACULTE,NOM_FAC,SURNOM_FAC,LOGO_FAC,ID_UNIVERSITE,NOM_UNI,VILLE,SURNOM_UNI,WEB_SITE,LOGO_UNI) values ('12','fsUit@gmail.com','10','Faculté des Lettres et Sciences Humaines - Casablanca','FLSHK','https://www.uit.ac.ma/wp-content/uploads/2024/03/cropped-Ibn-Tofail-University_Logo_Vertical_Full-Color-and-white-01-120x120.png','9','Université Ibn Tofail','Kénitra','UIT','http://www.uit.ac.ma','https://www.uit.ac.ma/wp-content/uploads/2024/03/cropped-Ibn-Tofail-University_Logo_Vertical_Full-Color-and-white-01-120x120.png');
Insert into MEHDI.RESPONSABLE_FACULTE_UNIVERSITE_V (ID_RESPONSABLE,EMAIL,ID_FACULTE,NOM_FAC,SURNOM_FAC,LOGO_FAC,ID_UNIVERSITE,NOM_UNI,VILLE,SURNOM_UNI,WEB_SITE,LOGO_UNI) values ('19','e.hammioui@edu.umi.ac.ma','11','Faculté des sciences ?conomique, Juridiques et Sociales - Casablanca','FSJES','https://www.uit.ac.ma/wp-content/uploads/2024/03/cropped-Ibn-Tofail-University_Logo_Vertical_Full-Color-and-white-01-120x120.png','9','Université Ibn Tofail','Kénitra','UIT','http://www.uit.ac.ma','https://www.uit.ac.ma/wp-content/uploads/2024/03/cropped-Ibn-Tofail-University_Logo_Vertical_Full-Color-and-white-01-120x120.png');
Insert into MEHDI.RESPONSABLE_FACULTE_UNIVERSITE_V (ID_RESPONSABLE,EMAIL,ID_FACULTE,NOM_FAC,SURNOM_FAC,LOGO_FAC,ID_UNIVERSITE,NOM_UNI,VILLE,SURNOM_UNI,WEB_SITE,LOGO_UNI) values ('17','UIZfsjes@gmail.com','2','Faculté des sciences juridiques, économiques et sociales-Agadir - Agadir','FSJES','https://upload.wikimedia.org/wikipedia/commons/b/b0/Logo-UIZ.jpg','10','Université Ibn Zohr','Agadir','UIZ','http://www.uiz.ac.ma','https://upload.wikimedia.org/wikipedia/commons/b/b0/Logo-UIZ.jpg');
Insert into MEHDI.RESPONSABLE_FACULTE_UNIVERSITE_V (ID_RESPONSABLE,EMAIL,ID_FACULTE,NOM_FAC,SURNOM_FAC,LOGO_FAC,ID_UNIVERSITE,NOM_UNI,VILLE,SURNOM_UNI,WEB_SITE,LOGO_UNI) values ('21','midouhammioui@gmail.com','4','Faculté des Sciences Appliquées - Ait Melloul','FSA','https://upload.wikimedia.org/wikipedia/commons/b/b0/Logo-UIZ.jpg','10','Université Ibn Zohr','Agadir','UIZ','http://www.uiz.ac.ma','https://upload.wikimedia.org/wikipedia/commons/b/b0/Logo-UIZ.jpg');
Insert into MEHDI.RESPONSABLE_FACULTE_UNIVERSITE_V (ID_RESPONSABLE,EMAIL,ID_FACULTE,NOM_FAC,SURNOM_FAC,LOGO_FAC,ID_UNIVERSITE,NOM_UNI,VILLE,SURNOM_UNI,WEB_SITE,LOGO_UNI) values ('11','USMSfst@gmail.com','49','Faculté des sciences et techniques - Béni Mellal','FSTBM','https://www.usms.ac.ma/sites/default/files/logo_usms_v.fw_.png','12','Université Sultan Moulay Slimane','Béni Mellal','USMS','http://www.usms.ac.ma','https://www.usms.ac.ma/sites/default/files/logo_usms_v.fw_.png');
REM INSERTING into MEHDI.TMP_CONVOCATION_V
SET DEFINE OFF;
Insert into MEHDI.TMP_CONVOCATION_V (ID_CONVOCATION,ID_INSCRIPTION,ID_MASTER,ID_ETUDIANT,CIN,MASSAR,NOM,PRENOM,SCORE) values ('201','15','277','25','90123456o','901o23456','Clark','Olivia',null);
Insert into MEHDI.TMP_CONVOCATION_V (ID_CONVOCATION,ID_INSCRIPTION,ID_MASTER,ID_ETUDIANT,CIN,MASSAR,NOM,PRENOM,SCORE) values ('202','141','277','30','DV29315','M1365791','HAJIBA','RAIS',null);
Insert into MEHDI.TMP_CONVOCATION_V (ID_CONVOCATION,ID_INSCRIPTION,ID_MASTER,ID_ETUDIANT,CIN,MASSAR,NOM,PRENOM,SCORE) values ('204','161','277','33','DB15848','M123456','TAHA ','HAMMADATE ',null);
--------------------------------------------------------
--  DDL for Trigger ETUDIANT_INFO_INSERT_TRIGGER
--------------------------------------------------------

  CREATE OR REPLACE EDITIONABLE TRIGGER "MEHDI"."ETUDIANT_INFO_INSERT_TRIGGER" 
INSTEAD OF INSERT ON Etudiant_Info_insertion                                                                                                                                                                                                                                                                                                                                                                                                                                                                                                                                                                                                                                                                                                                                                                                                                                                                                                                                                                                            
FOR EACH ROW                                                                                                                                                                                                                                                                                                                                                                                                                                                                                                                                                                                                                                                                                                                                                                                                                                                                                                                                                                                                                            
DECLARE                                                                                                                                                                                                                                                                                                                                                                                                                                                                                                                                                                                                                                                                                                                                                                                                                                                                                                                                                                                                                                 
    v_id_etudiant INT;                                                                                                                                                                                                                                                                                                                                                                                                                                                                                                                                                                                                                                                                                                                                                                                                                                                                                                                                                                                                                  
    v_id_ia INT;                                                                                                                                                                                                                                                                                                                                                                                                                                                                                                                                                                                                                                                                                                                                                                                                                                                                                                                                                                                                                        
BEGIN                                                                                                                                                                                                                                                                                                                                                                                                                                                                                                                                                                                                                                                                                                                                                                                                                                                                                                                                                                                                                                   
    -- Get next sequence value for ID_ETUDIANT                                                                                                                                                                                                                                                                                                                                                                                                                                                                                                                                                                                                                                                                                                                                                                                                                                                                                                                                                                                          
    SELECT SEQ_ETUDIANT.NEXTVAL INTO v_id_etudiant FROM DUAL;                                                                                                                                                                                                                                                                                                                                                                                                                                                                                                                                                                                                                                                                                                                                                                                                                                                                                                                                                                           

    -- Insert into Etudiant table                                                                                                                                                                                                                                                                                                                                                                                                                                                                                                                                                                                                                                                                                                                                                                                                                                                                                                                                                                                                       
    INSERT INTO Etudiant (ID_ETUDIANT, NOM, PRENOM, D_NAISS, SEXE, TELE, EMAIL, PASSWORD, NATIONALITE, CIN, MASSAR)                                                                                                                                                                                                                                                                                                                                                                                                                                                                                                                                                                                                                                                                                                                                                                                                                                                                                                                                                                                                     
    VALUES (v_id_etudiant, :NEW.NOM, :NEW.PRENOM, :NEW.D_NAISS, :NEW.SEXE, :NEW.TELE, :NEW.EMAIL, :NEW.PASSWORD, :NEW.NATIONALITE, :NEW.CIN, :NEW.MASSAR);                                                                                                                                                                                                                                                                                                                                                                                                                                                                                                                                                                                                                                                                                                                                                                                                                                                                                                                                                              

    -- Get next sequence value for ID_IA                                                                                                                                                                                                                                                                                                                                                                                                                                                                                                                                                                                                                                                                                                                                                                                                                                                                                                                                                                                                
    SELECT SEQ_INFO_ACAD.NEXTVAL INTO v_id_ia FROM DUAL;                                                                                                                                                                                                                                                                                                                                                                                                                                                                                                                                                                                                                                                                                                                                                                                                                                                                                                                                                                                

    -- Insert into Info_academique table                                                                                                                                                                                                                                                                                                                                                                                                                                                                                                                                                                                                                                                                                                                                                                                                                                                                                                                                                                                                
    INSERT INTO Info_academique (ID_IA, D_LICENCE, D_BAC, FIL_BAC, MOY_LICENCE, MOY_BAC, N_S1, N_S2, N_S3, N_S4, N_S5, N_S6, PHOTO, ID_FIL_LICENCE, ID_ETUDIANT, ID_FACULTE,d_pr_inscription)                                                                                                                                                                                                                                                                                                                                                                                                                                                                                                                                                                                                                                                                                                                                                                                                                                                                                                                                                                                                 
    VALUES (v_id_ia, :NEW.D_LICENCE, :NEW.D_BAC, :NEW.FIL_BAC, :NEW.MOY_LICENCE, :NEW.MOY_BAC, :NEW.N_S1, :NEW.N_S2, :NEW.N_S3, :NEW.N_S4, :NEW.N_S5, :NEW.N_S6, :NEW.PHOTO, :NEW.ID_FIL_LICENCE, v_id_etudiant, :NEW.ID_FACULTE, :NEW.d_pr_inscription);                                                                                                                                                                                                                                                                                                                                                                                                                                                                                                                                                                                                                                                                                                                                                                                                                                                                                                                                                                                                                
END;                                                                                                                                                                                                                                                                                                                                                                                                                                                                                                                                                                                                                                                                                                                                                                                                                                                                                                                                                                                                                                    

/
ALTER TRIGGER "MEHDI"."ETUDIANT_INFO_INSERT_TRIGGER" ENABLE;
--------------------------------------------------------
--  DDL for Trigger INSCRIPTION_TR
--------------------------------------------------------

  CREATE OR REPLACE EDITIONABLE TRIGGER "MEHDI"."INSCRIPTION_TR" INSTEAD of INSERT on inscription_v                                                                                                                                                                                                                                                                                                                                                                                                                                                                                                                                                                                                                                                                                                                                                                                                                                                                                                                                                                                                                       
FOR Each row                                                                                                                                                                                                                                                                                                                                                                                                                                                                                                                                                                                                                                                                                                                                                                                                                                                                                                                                                                                                                            
BEGIN                                                                                                                                                                                                                                                                                                                                                                                                                                                                                                                                                                                                                                                                                                                                                                                                                                                                                                                                                                                                                                   
    INSERT into inscription(ID_INSCRIPTION, ID_MASTER, ID_ETUDIANT, d_inscription) VALUES(inscription_seq.NEXTVAL, :NEW.id_master, :NEW.id_Etudiant, sysdate);                                                                                                                                                                                                                                                                                                                                                                                                                                                                                                                                                                                                                                                                                                                                                                                                                                                                                                                                                          
END;                                                                                                                                                                                                                                                                                                                                                                                                                                                                                                                                                                                                                                                                                                                                                                                                                                                                                                                                                                                                                                    

/
ALTER TRIGGER "MEHDI"."INSCRIPTION_TR" ENABLE;
--------------------------------------------------------
--  DDL for Trigger ADD_MASTER_CONDITION
--------------------------------------------------------

  CREATE OR REPLACE EDITIONABLE TRIGGER "MEHDI"."ADD_MASTER_CONDITION" INSTEAD of INSERT on MASTER_CONDITION_V
FOR EACH ROW
declare 
id_condition int;
BEGIN
    SELECT SQC_CONDITION.nextval INTO id_condition FROM dual;
    INSERT INTO condition values(
                                    id_condition,
                                    :NEW.MAX_AGE,
                                    :NEW.MAX_ANNEE_ETUDE,
                                    :NEW.NOTE_MIN_SEMESTRE,
                                    :NEW.NOTE_SEUIL
                                );
    INSERT INTO master values(
                                    :NEW.id_master,
                                    :NEW.SPECIALITE,
                                    upper(:NEW.NOM_COORDINATEUR),
                                    :NEW.D_DEBUT_INSCRIPTION,
                                    :NEW.D_FIN_INSCRIPTION,
                                    :NEW.D_AFF_PRESELECTION,
                                    :NEW.D_CONCOURS,
                                    :NEW.D_AFF_RESULTAT_CONCOURS,  
                                    :NEW.LIEU_CONCOURS,
                                    :NEW.INFORMATION,
                                    :NEW.ID_RESPONSABLE,
                                    id_condition,
                                    :NEW.DOCS_STRING,
                                    :NEW.CONDITION
                                );                                
END;
/
ALTER TRIGGER "MEHDI"."ADD_MASTER_CONDITION" ENABLE;
--------------------------------------------------------
--  DDL for Trigger ADD_FAM
--------------------------------------------------------

  CREATE OR REPLACE EDITIONABLE TRIGGER "MEHDI"."ADD_FAM" 
INSTEAD of insert on MASTER_FILIER_ADMET_V 
FOR EACH ROW 
begin 
    INSERT into FILIERE_ADMET_MASTER
    values (
            SQC_FILIERE_ADMET_MASTER.nextval,
            :NEW.ID_MASTER,
            :NEW.ID_FIL_LICENCE
            );
end;
/
ALTER TRIGGER "MEHDI"."ADD_FAM" ENABLE;
